"ONTOLOGY","ID","Description","GeneRatio","BgRatio","RichFactor","FoldEnrichment","zScore","pvalue","p.adjust","qvalue","geneID","Count"
"BP","GO:0120254","olefinic compound metabolic process","9/29","163/18986",0.0552147239263804,36.148508567802,17.6268933704018,1.75379029308027e-12,2.02989581735583e-09,1.06526950598079e-09,"PTGS2/CYP2C9/CYP3A4/ALDH1A1/CYP1A2/CYP2A6/PTGS1/CYP2D6/ALOX5",9
"BP","GO:0019369","arachidonate metabolic process","7/29","58/18986",0.120689655172414,79.0142687277051,23.2731500595043,2.52825214047098e-12,2.02989581735583e-09,1.06526950598079e-09,"PTGS2/CYP2C9/CYP1A2/CYP2A6/PTGS1/CYP2D6/ALOX5",7
"BP","GO:0001676","long-chain fatty acid metabolic process","8/29","109/18986",0.073394495412844,48.0506168933882,19.2677755089913,3.53025359540144e-12,2.02989581735583e-09,1.06526950598079e-09,"PTGS2/CYP2C9/CYP3A4/CYP1A2/CYP2A6/PTGS1/CYP2D6/ALOX5",8
"BP","GO:0042178","xenobiotic catabolic process","5/29","25/18986",0.2,130.937931034483,25.4269826792715,3.00660257438718e-10,1.12756231584673e-07,5.91733694357401e-08,"CYP2C9/CYP3A4/CYP1A2/CYP2A6/CYP2D6",5
"BP","GO:0033559","unsaturated fatty acid metabolic process","7/29","114/18986",0.0614035087719298,40.200241984271,16.4191890868,3.26829656767169e-10,1.12756231584673e-07,5.91733694357401e-08,"PTGS2/CYP2C9/CYP1A2/CYP2A6/PTGS1/CYP2D6/ALOX5",7
"BP","GO:0042759","long-chain fatty acid biosynthetic process","5/29","27/18986",0.185185185185185,121.238825031928,24.4533513057218,4.55884870420124e-10,1.31066900245786e-07,6.87826295721591e-08,"CYP2C9/CYP3A4/CYP1A2/CYP2D6/ALOX5",5
"BP","GO:0006690","icosanoid metabolic process","7/29","124/18986",0.0564516129032258,36.9582869855395,15.7121443789858,5.91853485955296e-10,1.45849609038984e-07,7.65404508152713e-08,"PTGS2/CYP2C9/CYP1A2/CYP2A6/PTGS1/CYP2D6/ALOX5",7
"BP","GO:0009410","response to xenobiotic stimulus","10/29","451/18986",0.0221729490022173,14.5164003364172,11.3624639118372,6.92653944575796e-10,1.49353506799156e-07,7.83792621493664e-08,"TP53/EGFR/PTGS2/CYP2C9/CYP3A4/CYP1A2/CYP2A6/TOP1/CYP2D6/TRPA1",10
"BP","GO:0070989","oxidative demethylation","4/29","10/18986",0.4,261.875862068966,32.2738707946982,9.15732915103346e-10,1.75515475394808e-07,9.21088078349564e-08,"CYP2C9/CYP3A4/CYP1A2/CYP2D6",4
"BP","GO:0006633","fatty acid biosynthetic process","7/29","165/18986",0.0424242424242424,27.7747126436782,13.5102982939913,4.37885191297888e-09,7.55351954988856e-07,3.96401331069667e-07,"PTGS2/CYP2C9/CYP3A4/CYP1A2/PTGS1/CYP2D6/ALOX5",7
"BP","GO:0070988","demethylation","4/29","15/18986",0.266666666666667,174.583908045977,26.3044650443249,5.92097257306713e-09,9.28516153503709e-07,4.87276211754807e-07,"CYP2C9/CYP3A4/CYP1A2/CYP2D6",4
"BP","GO:0006721","terpenoid metabolic process","6/29","100/18986",0.06,39.2813793103448,15.0119489666644,7.89967168566054e-09,1.1355778048137e-06,5.95940144707725e-07,"EGFR/CYP2C9/CYP3A4/ALDH1A1/CYP1A2/CYP2D6",6
"BP","GO:0071466","cellular response to xenobiotic stimulus","7/29","198/18986",0.0353535353535354,23.1455938697318,12.2517787400967,1.55041617886425e-08,2.05728300656987e-06,1.07964203548442e-06,"TP53/EGFR/CYP2C9/CYP3A4/CYP1A2/CYP2A6/CYP2D6",7
"BP","GO:1902895","positive regulation of miRNA transcription","5/29","56/18986",0.0892857142857143,58.454433497537,16.840762377274,2.09207811094734e-08,2.57773910098868e-06,1.35277231234189e-06,"TP53/EGFR/HIF1A/AR/TERT",5
"BP","GO:0006720","isoprenoid metabolic process","6/29","120/18986",0.05,32.7344827586207,13.6395997650954,2.37073989623204e-08,2.6381454962243e-06,1.38447299878133e-06,"EGFR/CYP2C9/CYP3A4/ALDH1A1/CYP1A2/CYP2D6",6
"BP","GO:0046394","carboxylic acid biosynthetic process","8/29","331/18986",0.0241691842900302,15.8233149286384,10.6409695482411,2.44697553272978e-08,2.6381454962243e-06,1.38447299878133e-06,"PTGS2/CYP2C9/CYP3A4/ALDH1A1/CYP1A2/PTGS1/CYP2D6/ALOX5",8
"BP","GO:0016053","organic acid biosynthetic process","8/29","334/18986",0.0239520958083832,15.681189345447,10.5874473711324,2.62431374218692e-08,2.66290659133673e-06,1.3974673797404e-06,"PTGS2/CYP2C9/CYP3A4/ALDH1A1/CYP1A2/PTGS1/CYP2D6/ALOX5",8
"BP","GO:0072330","monocarboxylic acid biosynthetic process","7/29","224/18986",0.03125,20.4590517241379,11.4584430468568,3.62624878622142e-08,3.47515508679553e-06,1.82372745973709e-06,"PTGS2/CYP2C9/CYP3A4/CYP1A2/PTGS1/CYP2D6/ALOX5",7
"BP","GO:2000630","positive regulation of miRNA metabolic process","5/29","67/18986",0.0746268656716418,48.8574369531652,15.3481927017017,5.2283698382723e-08,4.74680945843143e-06,2.4910792581242e-06,"TP53/EGFR/HIF1A/AR/TERT",5
"BP","GO:1902893","regulation of miRNA transcription","5/29","76/18986",0.0657894736842105,43.0716878402904,14.3737624066569,9.90720054005237e-08,8.33692492669761e-06,4.37513680363689e-06,"TP53/EGFR/HIF1A/AR/TERT",5
"BP","GO:0061614","miRNA transcription","5/29","77/18986",0.0649350649350649,42.512315270936,14.2760326427436,1.05840249326396e-07,8.33692492669761e-06,4.37513680363689e-06,"TP53/EGFR/HIF1A/AR/TERT",5
"BP","GO:0071456","cellular response to hypoxia","6/29","156/18986",0.0384615384615385,25.1803713527851,11.8609534133453,1.13532865477151e-07,8.33692492669761e-06,4.37513680363689e-06,"TP53/PTGS2/HIF1A/PTPN1/TERT/LMNA",6
"BP","GO:0006631","fatty acid metabolic process","8/29","405/18986",0.0197530864197531,12.932141336739,9.49359834279877,1.15991998980141e-07,8.33692492669761e-06,4.37513680363689e-06,"PTGS2/CYP2C9/CYP3A4/CYP1A2/CYP2A6/PTGS1/CYP2D6/ALOX5",8
"BP","GO:0006979","response to oxidative stress","8/29","405/18986",0.0197530864197531,12.932141336739,9.49359834279877,1.15991998980141e-07,8.33692492669761e-06,4.37513680363689e-06,"TP53/EGFR/PTGS2/HIF1A/MAPT/PTGS1/ALOX5/TRPA1",8
"BP","GO:0036294","cellular response to decreased oxygen levels","6/29","163/18986",0.0368098159509202,24.099005711868,11.5840963738184,1.47286984390066e-07,1.01628019229146e-05,5.33333922422976e-06,"TP53/PTGS2/HIF1A/PTPN1/TERT/LMNA",6
"BP","GO:0016101","diterpenoid metabolic process","5/29","89/18986",0.0561797752808989,36.7803177063154,13.2331202490206,2.19553087504515e-07,1.45665029209726e-05,7.64435851230296e-06,"EGFR/CYP3A4/ALDH1A1/CYP1A2/CYP2D6",5
"BP","GO:0071453","cellular response to oxygen levels","6/29","178/18986",0.0337078651685393,22.0681906237892,11.045501193428,2.47858834141421e-07,1.58354255145908e-05,8.31027670025819e-06,"TP53/PTGS2/HIF1A/PTPN1/TERT/LMNA",6
"BP","GO:2000628","regulation of miRNA metabolic process","5/29","92/18986",0.0543478260869565,35.5809595202399,13.0043452898085,2.59298132063206e-07,1.59746170646082e-05,8.38332306670515e-06,"TP53/EGFR/HIF1A/AR/TERT",5
"BP","GO:0008210","estrogen metabolic process","4/29","40/18986",0.1,65.4689655172414,15.9639892002989,3.86112152118172e-07,2.29670159449602e-05,1.20528657285527e-05,"CYP2C9/CYP3A4/CYP1A2/CYP2D6",4
"BP","GO:0010586","miRNA metabolic process","5/29","110/18986",0.0454545454545455,29.7586206896552,11.8312029883287,6.33191062848297e-07,3.64084861137771e-05,1.91068180368258e-05,"TP53/EGFR/HIF1A/AR/TERT",5
"BP","GO:0042572","retinol metabolic process","4/29","52/18986",0.0769230769230769,50.3607427055703,13.9406064089402,1.12940399772016e-06,6.28458676150732e-05,3.29808977262932e-05,"CYP3A4/ALDH1A1/CYP1A2/CYP2D6",4
"BP","GO:0006805","xenobiotic metabolic process","5/29","127/18986",0.0393700787401575,25.7751832745045,10.9566780541268,1.29186479319344e-06,6.9639586508084e-05,3.6546175070604e-05,"CYP2C9/CYP3A4/CYP1A2/CYP2A6/CYP2D6",5
"BP","GO:0042445","hormone metabolic process","6/29","241/18986",0.024896265560166,16.2993275146659,9.34883802249109,1.46203175236196e-06,7.59830100862626e-05,3.98751418301668e-05,"CYP2C9/HIF1A/CYP3A4/ALDH1A1/CYP1A2/CYP2D6",6
"BP","GO:0072593","reactive oxygen species metabolic process","6/29","242/18986",0.0247933884297521,16.2319749216301,9.32722075839735,1.49763614083068e-06,7.59830100862626e-05,3.98751418301668e-05,"TP53/EGFR/HIF1A/CYP1A2/MAPT/ALOX5",6
"BP","GO:2001234","negative regulation of apoptotic signaling pathway","6/29","244/18986",0.0245901639344262,16.0989259468626,9.28437120905592,1.57097533228076e-06,7.74266413766944e-05,4.06327454364346e-05,"PTGS2/HIF1A/AR/PTPN1/TERT/LMNA",6
"BP","GO:0019748","secondary metabolic process","4/29","59/18986",0.0677966101694915,44.385739333723,13.0542405764075,1.88472456617194e-06,8.95746416654669e-05,4.70078973805044e-05,"CYP3A4/CYP1A2/CYP2A6/CYP2D6",4
"BP","GO:2001233","regulation of apoptotic signaling pathway","7/29","403/18986",0.0173697270471464,11.3717806109352,8.23128096466233,1.92131115456364e-06,8.95746416654669e-05,4.70078973805044e-05,"TP53/PTGS2/HIF1A/AR/PTPN1/TERT/LMNA",7
"BP","GO:0046456","icosanoid biosynthetic process","4/29","60/18986",0.0666666666666667,43.6459770114943,12.9402828839054,2.01722016170675e-06,9.15711783932672e-05,4.80556603619892e-05,"PTGS2/CYP2C9/PTGS1/ALOX5",4
"BP","GO:0019373","epoxygenase P450 pathway","3/29","18/18986",0.166666666666667,109.114942528736,17.9486049370805,2.57444795857399e-06,0.000113869813552311,5.9757766379855e-05,"CYP2C9/CYP1A2/CYP2A6",3
"BP","GO:0008203","cholesterol metabolic process","5/29","148/18986",0.0337837837837838,22.1178937558248,10.0875002077475,2.74685192877499e-06,0.000118457989428421,6.21655962828024e-05,"MAPK1/CYP2C9/CYP3A4/CYP1A2/CYP2D6",5
"BP","GO:2000377","regulation of reactive oxygen species metabolic process","5/29","153/18986",0.0326797385620915,21.3950867703403,9.90674568031713,3.23346623569368e-06,0.000136042176989551,7.13936062309773e-05,"TP53/EGFR/HIF1A/MAPT/ALOX5",5
"BP","GO:0016125","sterol metabolic process","5/29","159/18986",0.0314465408805031,20.5877250054218,9.70088807229907,3.90423524165751e-06,0.000156623390508353,8.2194426140158e-05,"MAPK1/CYP2C9/CYP3A4/CYP1A2/CYP2D6",5
"BP","GO:1902652","secondary alcohol metabolic process","5/29","159/18986",0.0314465408805031,20.5877250054218,9.70088807229907,3.90423524165751e-06,0.000156623390508353,8.2194426140158e-05,"MAPK1/CYP2C9/CYP3A4/CYP1A2/CYP2D6",5
"BP","GO:0060571","morphogenesis of an epithelial fold","3/29","23/18986",0.130434782608696,85.3943028485757,15.8395565993501,5.55880925559292e-06,0.00021793059013404,0.000114367845928467,"EGFR/HIF1A/AR",3
"BP","GO:0042327","positive regulation of phosphorylation","7/29","479/18986",0.0146137787056367,9.56748974155928,7.42801602429731,6.00489576698275e-06,0.000230187671067672,0.000120800242329945,"TP53/EGFR/PTGS2/MAPK1/AR/PTPN1/MAPT",7
"BP","GO:0001666","response to hypoxia","6/29","317/18986",0.0189274447949527,12.3916023061025,7.99969469684976,7.0999645978343e-06,0.000266248672418786,0.000139724703756007,"TP53/PTGS2/HIF1A/PTPN1/TERT/LMNA",6
"BP","GO:0062197","cellular response to chemical stress","6/29","321/18986",0.0186915887850467,12.2371898163068,7.94174120342851,7.62730715782607e-06,0.000279681601911719,0.000146774174000963,"TP53/PTGS2/HIF1A/MAPT/ALOX5/TRPA1",6
"BP","GO:0001523","retinoid metabolic process","4/29","84/18986",0.0476190476190476,31.175697865353,10.8408311696075,7.78244457493478e-06,0.000279681601911719,0.000146774174000963,"CYP3A4/ALDH1A1/CYP1A2/CYP2D6",4
"BP","GO:0036293","response to decreased oxygen levels","6/29","331/18986",0.0181268882175227,11.8674861964788,7.80126376855462,9.08619016384666e-06,0.000319870980257867,0.000167865167366447,"TP53/PTGS2/HIF1A/PTPN1/TERT/LMNA",6
"BP","GO:0008202","steroid metabolic process","6/29","334/18986",0.0179640718562874,11.7608920090853,7.76029619480125,9.56548567047968e-06,0.000330009255631549,0.000173185635297106,"MAPK1/CYP2C9/CYP3A4/CYP1A2/CYP2A6/CYP2D6",6
"BP","GO:0010038","response to metal ion","6/29","345/18986",0.0173913043478261,11.3859070464768,7.61445580459738,1.15018564921728e-05,0.000389033381352902,0.000204160920191302,"EGFR/PTGS2/HIF1A/CYP1A2/TERT/MAPT",6
"BP","GO:0070482","response to oxygen levels","6/29","358/18986",0.0167597765363128,10.9724523213254,7.45040466618737,1.41882752697999e-05,0.000470668746930862,0.000247002362996517,"TP53/PTGS2/HIF1A/PTPN1/TERT/LMNA",6
"BP","GO:0006066","alcohol metabolic process","6/29","363/18986",0.0165289256198347,10.8213166144201,7.3895449856907,1.5347902226321e-05,0.000499530780007617,0.000262148876159604,"MAPK1/CYP2C9/CYP3A4/ALDH1A1/CYP1A2/CYP2D6",6
"BP","GO:0034308","primary alcohol metabolic process","4/29","103/18986",0.0388349514563107,25.4248409775695,9.72152405822787,1.74791553047102e-05,0.000558361905567132,0.000293022876453232,"CYP3A4/ALDH1A1/CYP1A2/CYP2D6",4
"BP","GO:1901992","positive regulation of mitotic cell cycle phase transition","4/29","105/18986",0.0380952380952381,24.9405582922824,9.62134797326476,1.88584558569554e-05,0.000591469751877237,0.000310397550947017,"EGFR/TERT/CDC25A/CDC25B",4
"BP","GO:0034599","cellular response to oxidative stress","5/29","251/18986",0.0199203187250996,13.04162659706,7.51129229649786,3.55506243325557e-05,0.00109508619595819,0.000574690543721765,"TP53/HIF1A/MAPT/ALOX5/TRPA1",5
"BP","GO:1901989","positive regulation of cell cycle phase transition","4/29","125/18986",0.032,20.9500689655172,8.75258918958775,3.74358029184691e-05,0.00113292561463788,0.000594548301198217,"EGFR/TERT/CDC25A/CDC25B",4
"BP","GO:1903522","regulation of blood circulation","5/29","267/18986",0.0187265917602996,12.2601059021051,7.24730065241831,4.77235506568695e-05,0.00141936422212241,0.000744868485751502,"EGFR/PTGS2/PTPN1/THRB/CACNA1C",5
"BP","GO:0045931","positive regulation of mitotic cell cycle","4/29","136/18986",0.0294117647058824,19.2555780933063,8.35658551387398,5.20576082593428e-05,0.00152202329232824,0.000798742963479657,"EGFR/TERT/CDC25A/CDC25B",4
"BP","GO:0007611","learning or memory","5/29","282/18986",0.0177304964539007,11.60797260944,7.01954870260044,6.18591102511614e-05,0.00177844941972089,0.000933312891508751,"EGFR/PTGS2/MAPK1/HIF1A/MAPT",5
"BP","GO:0006260","DNA replication","5/29","283/18986",0.0176678445229682,11.5669550383819,7.00498057017365,6.29050807593146e-05,0.00177887318540685,0.000933535279603288,"TP53/EGFR/CDC25A/TOP1/RECQL",5
"BP","GO:0001890","placenta development","4/29","152/18986",0.0263157894736842,17.2286751361162,7.85693340781409,8.02470607818994e-05,0.00223268032014156,0.00117168883314828,"EGFR/PTGS2/MAPK1/HIF1A",4
"BP","GO:0018105","peptidyl-serine phosphorylation","4/29","159/18986",0.0251572327044025,16.4701800043375,7.66165977104828,9.55444275602124e-05,0.00261609742129153,0.00137290238432385,"EGFR/PTGS2/MAPK1/TOP1",4
"BP","GO:0000723","telomere maintenance","4/29","162/18986",0.0246913580246914,16.1651766709238,7.58173357251188,0.000102709756531965,0.00276834890652562,0.00145280247726135,"TP53/MAPK1/TERT/LMNA",4
"BP","GO:0097267","omega-hydroxylase P450 pathway","2/29","11/18986",0.181818181818182,119.034482758621,15.3155940364416,0.000122847976012747,0.00326019628649212,0.00171091918009655,"CYP2C9/CYP1A2",2
"BP","GO:0018209","peptidyl-serine modification","4/29","171/18986",0.0233918128654971,15.3143778987699,7.35424200259241,0.000126553800186662,0.00329205830340623,0.00172764005548702,"EGFR/PTGS2/MAPK1/TOP1",4
"BP","GO:0050890","cognition","5/29","329/18986",0.0151975683890578,9.9496908080914,6.40478520463428,0.000127865452943894,0.00329205830340623,0.00172764005548702,"EGFR/PTGS2/MAPK1/HIF1A/MAPT",5
"BP","GO:1901993","regulation of meiotic cell cycle phase transition","2/29","12/18986",0.166666666666667,109.114942528736,14.6526572661991,0.000147277894527859,0.00373609364794937,0.00196066546894673,"CDC25A/CDC25B",2
"BP","GO:0061180","mammary gland epithelium development","3/29","69/18986",0.0434782608695652,28.4647676161919,8.93910084710702,0.000156868658852599,0.00392171647131498,0.00205807851431328,"MAPK1/HIF1A/AR",3
"BP","GO:2001242","regulation of intrinsic apoptotic signaling pathway","4/29","189/18986",0.0211640211640212,13.8558657179347,6.94716243601222,0.000185938633130205,0.00458205917356577,0.00240461991717258,"TP53/PTGS2/HIF1A/PTPN1",4
"BP","GO:0008217","regulation of blood pressure","4/29","190/18986",0.0210526315789474,13.7829401088929,6.92618888535639,0.000189737247452393,0.00460981340641379,0.00241918506759167,"PTGS2/AR/PTPN1/PTGS1",4
"BP","GO:2000379","positive regulation of reactive oxygen species metabolic process","3/29","74/18986",0.0405405405405405,26.5414725069897,8.61018645622163,0.000193091360337811,0.00462614717476007,0.00242775686974441,"TP53/EGFR/MAPT",3
"BP","GO:0032200","telomere organization","4/29","193/18986",0.0207253886010363,13.5686975165267,6.8642069195145,0.000201469897212281,0.00472464445665709,0.00247944728160189,"TP53/MAPK1/TERT/LMNA",4
"BP","GO:0051000","positive regulation of nitric-oxide synthase activity","2/29","14/18986",0.142857142857143,93.5270935960591,13.5455260268875,0.000202680399879783,0.00472464445665709,0.00247944728160189,"HIF1A/TERT",2
"BP","GO:1901990","regulation of mitotic cell cycle phase transition","5/29","368/18986",0.0135869565217391,8.89523988005997,5.98194231396618,0.000215519314206671,0.00495694422675343,0.00260135593288052,"TP53/EGFR/TERT/CDC25A/CDC25B",5
"BP","GO:0030324","lung development","4/29","198/18986",0.0202020202020202,13.2260536398467,6.76391452589075,0.000222176605492207,0.00504282426939548,0.0026464249407659,"EGFR/MAPK1/CYP1A2/THRB",4
"BP","GO:0044771","meiotic cell cycle phase transition","2/29","15/18986",0.133333333333333,87.2919540229885,13.0764637906584,0.00023364047085944,0.00516704887477607,0.00271161680079781,"CDC25A/CDC25B",2
"BP","GO:0070243","regulation of thymocyte apoptotic process","2/29","15/18986",0.133333333333333,87.2919540229885,13.0764637906584,0.00023364047085944,0.00516704887477607,0.00271161680079781,"TP53/HIF1A",2
"BP","GO:0030323","respiratory tube development","4/29","202/18986",0.0198019801980198,12.9641515875725,6.68625670714687,0.000239814815020148,0.00523646273303487,0.0027480445158871,"EGFR/MAPK1/CYP1A2/THRB",4
"BP","GO:0150076","neuroinflammatory response","3/29","86/18986",0.0348837209302326,22.8380112269447,7.938727650595,0.000301111576592833,0.0064324836104677,0.00337570459496703,"EGFR/PTGS2/MAPT",3
"BP","GO:0090399","replicative senescence","2/29","17/18986",0.117647058823529,77.0223123732251,12.2648661358224,0.000302047056491527,0.0064324836104677,0.00337570459496703,"TP53/TERT",2
"BP","GO:0001892","embryonic placenta development","3/29","87/18986",0.0344827586206897,22.5755053507729,7.88897691442506,0.000311545933875187,0.00655386263334997,0.00343940312108679,"EGFR/MAPK1/HIF1A",3
"BP","GO:0001701","in utero embryonic development","5/29","403/18986",0.0124069478908189,8.12270043638231,5.65273704856153,0.000327869195416251,0.0066546017461682,0.00349227002392351,"TP53/EGFR/MAPK1/HIF1A/AR",5
"BP","GO:0006089","lactate metabolic process","2/29","18/18986",0.111111111111111,72.7432950191571,11.9103985912124,0.000339481132558146,0.0066546017461682,0.00349227002392351,"TP53/HIF1A",2
"BP","GO:0009404","toxin metabolic process","2/29","18/18986",0.111111111111111,72.7432950191571,11.9103985912124,0.000339481132558146,0.0066546017461682,0.00349227002392351,"CYP3A4/CYP1A2",2
"BP","GO:0010663","positive regulation of striated muscle cell apoptotic process","2/29","18/18986",0.111111111111111,72.7432950191571,11.9103985912124,0.000339481132558146,0.0066546017461682,0.00349227002392351,"TP53/PTPN1",2
"BP","GO:0010666","positive regulation of cardiac muscle cell apoptotic process","2/29","18/18986",0.111111111111111,72.7432950191571,11.9103985912124,0.000339481132558146,0.0066546017461682,0.00349227002392351,"TP53/PTPN1",2
"BP","GO:0019896","axonal transport of mitochondrion","2/29","18/18986",0.111111111111111,72.7432950191571,11.9103985912124,0.000339481132558146,0.0066546017461682,0.00349227002392351,"HIF1A/MAPT",2
"BP","GO:0048708","astrocyte differentiation","3/29","90/18986",0.0333333333333333,21.8229885057471,7.74459780260708,0.000344242690339977,0.00667211955996022,0.0035014632015657,"EGFR/MAPK1/MAPT",3
"BP","GO:0009755","hormone-mediated signaling pathway","4/29","223/18986",0.0179372197309417,11.743312200402,6.31188363071501,0.000349387564868985,0.00669659499332222,0.00351430767002722,"MAPK1/AR/THRB/TSHR",4
"BP","GO:0060541","respiratory system development","4/29","225/18986",0.0177777777777778,11.6389272030651,6.27885710165999,0.000361416306773646,0.00685102339763229,0.00359535018884136,"EGFR/MAPK1/CYP1A2/THRB",4
"BP","GO:2000243","positive regulation of reproductive process","3/29","92/18986",0.0326086956521739,21.3485757121439,7.65218514430322,0.000367223714810764,0.00688544465270182,0.00361341412742857,"AR/CDC25A/CDC25B",3
"BP","GO:0060749","mammary gland alveolus development","2/29","19/18986",0.105263157894737,68.9147005444646,11.584059061735,0.00037906079311959,0.00695616880990737,0.00365052947461195,"HIF1A/AR",2
"BP","GO:0061377","mammary gland lobule development","2/29","19/18986",0.105263157894737,68.9147005444646,11.584059061735,0.00037906079311959,0.00695616880990737,0.00365052947461195,"HIF1A/AR",2
"BP","GO:0010288","response to lead ion","2/29","21/18986",0.0952380952380952,62.3513957307061,11.0021399699544,0.000464632131506526,0.00826278790565729,0.00433623041883464,"PTGS2/MAPT",2
"BP","GO:0032930","positive regulation of superoxide anion generation","2/29","21/18986",0.0952380952380952,62.3513957307061,11.0021399699544,0.000464632131506526,0.00826278790565729,0.00433623041883464,"EGFR/MAPT",2
"BP","GO:0070242","thymocyte apoptotic process","2/29","21/18986",0.0952380952380952,62.3513957307061,11.0021399699544,0.000464632131506526,0.00826278790565729,0.00433623041883464,"TP53/HIF1A",2
"BP","GO:0048661","positive regulation of smooth muscle cell proliferation","3/29","101/18986",0.0297029702970297,19.4462273813588,7.26991352030397,0.000482846100319531,0.00849907676582849,0.00446023250563692,"EGFR/PTGS2/TERT",3
"BP","GO:2001237","negative regulation of extrinsic apoptotic signaling pathway","3/29","102/18986",0.0294117647058824,19.2555780933063,7.23049740871514,0.000496968161792129,0.00865929372819618,0.00454431280320288,"AR/TERT/LMNA",3
"BP","GO:0043434","response to peptide hormone","5/29","446/18986",0.0112107623318386,7.33957012525128,5.29897498404773,0.000521317059227474,0.0089036824472019,0.00467256561683822,"PTGS2/MAPK1/PKM/PTPN1/TSHR",5
"BP","GO:0051223","regulation of protein transport","5/29","446/18986",0.0112107623318386,7.33957012525128,5.29897498404773,0.000521317059227474,0.0089036824472019,0.00467256561683822,"EGFR/PTGS2/HIF1A/PTPN1/ALOX5",5
"BP","GO:0032928","regulation of superoxide anion generation","2/29","23/18986",0.0869565217391304,56.9295352323838,10.4971426860201,0.000558711726844779,0.00935706532822568,0.00491049652617793,"EGFR/MAPT",2
"BP","GO:0038128","ERBB2 signaling pathway","2/29","23/18986",0.0869565217391304,56.9295352323838,10.4971426860201,0.000558711726844779,0.00935706532822568,0.00491049652617793,"EGFR/MAPK1",2
"BP","GO:0001934","positive regulation of protein phosphorylation","5/29","455/18986",0.010989010989011,7.19439181508147,5.2308761484303,0.000570866341290753,0.00946869652621682,0.00496907948896809,"TP53/EGFR/PTGS2/MAPK1/PTPN1",5
"BP","GO:0001503","ossification","5/29","456/18986",0.0109649122807018,7.1786146400484,5.22342442428813,0.000576583566091018,0.00947244430006672,0.00497104628409299,"EGFR/PTGS2/MAPK1/HIF1A/ALOX5",5
"BP","GO:0000082","G1/S transition of mitotic cell cycle","4/29","256/18986",0.015625,10.229525862069,5.81500348974253,0.000588122495546598,0.00957086136620643,0.00502269459950422,"TP53/EGFR/TERT/CDC25A",4
"BP","GO:0033044","regulation of chromosome organization","4/29","258/18986",0.0155038759689922,10.1502272119754,5.78782678859213,0.000605551691282328,0.0096821556407839,0.00508110074817645,"TP53/MAPK1/MAPT/LMNA",4
"BP","GO:0032770","positive regulation of monooxygenase activity","2/29","24/18986",0.0833333333333333,54.5574712643678,10.2684077976378,0.000608926756339867,0.0096821556407839,0.00508110074817645,"HIF1A/TERT",2
"BP","GO:0072594","establishment of protein localization to organelle","5/29","462/18986",0.0108225108225108,7.08538587848933,5.17918254763524,0.000611799979620548,0.0096821556407839,0.00508110074817645,"TP53/PTGS2/TERT/MAPT/LMNA",5
"BP","GO:0090398","cellular senescence","3/29","110/18986",0.0272727272727273,17.8551724137931,6.93416309435861,0.000619568483224966,0.00971596030511878,0.00509884110596623,"TP53/TERT/LMNA",3
"BP","GO:0044772","mitotic cell cycle phase transition","5/29","467/18986",0.0107066381156317,7.00952521597873,5.14291481481734,0.000642366199597489,0.00991875657055168,0.00520526660605611,"TP53/EGFR/TERT/CDC25A/CDC25B",5
"BP","GO:0032204","regulation of telomere maintenance","3/29","112/18986",0.0267857142857143,17.5363300492611,6.86492287463181,0.000652965199258764,0.00991875657055168,0.00520526660605611,"TP53/MAPK1/LMNA",3
"BP","GO:2001243","negative regulation of intrinsic apoptotic signaling pathway","3/29","112/18986",0.0267857142857143,17.5363300492611,6.86492287463181,0.000652965199258764,0.00991875657055168,0.00520526660605611,"PTGS2/HIF1A/PTPN1",3
"BP","GO:0006706","steroid catabolic process","2/29","25/18986",0.08,52.3751724137931,10.0533817085593,0.000661250438036779,0.00991875657055168,0.00520526660605611,"CYP3A4/CYP1A2",2
"BP","GO:0050999","regulation of nitric-oxide synthase activity","2/29","25/18986",0.08,52.3751724137931,10.0533817085593,0.000661250438036779,0.00991875657055168,0.00520526660605611,"HIF1A/TERT",2
"BP","GO:0010821","regulation of mitochondrion organization","3/29","114/18986",0.0263157894736842,17.2286751361162,6.79745002071816,0.000687492063090713,0.0102234811106162,0.00536518306949195,"TP53/MAPT/LMNA",3
"BP","GO:0048143","astrocyte activation","2/29","26/18986",0.0769230769230769,50.3607427055703,9.85073617435938,0.000715676661010325,0.0105315109224883,0.00552683410730126,"EGFR/MAPT",2
"BP","GO:1901987","regulation of cell cycle phase transition","5/29","479/18986",0.0104384133611691,6.83392124397092,5.05801136527741,0.000720416399335432,0.0105315109224883,0.00552683410730126,"TP53/EGFR/TERT/CDC25A/CDC25B",5
"BP","GO:0050673","epithelial cell proliferation","5/29","482/18986",0.0103734439834025,6.79138646444413,5.03724124424884,0.000740996603545194,0.010741337320298,0.0056369489522235,"EGFR/MAPK1/HIF1A/AR/ALOX5",5
"BP","GO:0090068","positive regulation of cell cycle process","4/29","274/18986",0.0145985401459854,9.55751321419582,5.58061741573794,0.000758487885610075,0.0109032633556448,0.00572192615460232,"EGFR/TERT/CDC25A/CDC25B",4
"BP","GO:0006007","glucose catabolic process","2/29","27/18986",0.0740740740740741,48.4955300127714,9.65931661878221,0.000772199326977649,0.0110086267688962,0.00577721984515684,"TP53/PKM",2
"BP","GO:0042303","molting cycle","3/29","120/18986",0.025,16.3672413793103,6.60489800642699,0.000798007491032903,0.0111013138873529,0.00582586113996856,"EGFR/PTGS2/TERT",3
"BP","GO:0042633","hair cycle","3/29","120/18986",0.025,16.3672413793103,6.60489800642699,0.000798007491032903,0.0111013138873529,0.00582586113996856,"EGFR/PTGS2/TERT",3
"BP","GO:1902749","regulation of cell cycle G2/M phase transition","3/29","120/18986",0.025,16.3672413793103,6.60489800642699,0.000798007491032903,0.0111013138873529,0.00582586113996856,"TP53/CDC25A/CDC25B",3
"BP","GO:0010971","positive regulation of G2/M transition of mitotic cell cycle","2/29","28/18986",0.0714285714285714,46.7635467980296,9.47811397749489,0.000830812350275943,0.0111964945642656,0.00587581102991209,"CDC25A/CDC25B",2
"BP","GO:0034643","establishment of mitochondrion localization, microtubule-mediated","2/29","28/18986",0.0714285714285714,46.7635467980296,9.47811397749489,0.000830812350275943,0.0111964945642656,0.00587581102991209,"HIF1A/MAPT",2
"BP","GO:0047497","mitochondrion transport along microtubule","2/29","28/18986",0.0714285714285714,46.7635467980296,9.47811397749489,0.000830812350275943,0.0111964945642656,0.00587581102991209,"HIF1A/MAPT",2
"BP","GO:0051446","positive regulation of meiotic cell cycle","2/29","28/18986",0.0714285714285714,46.7635467980296,9.47811397749489,0.000830812350275943,0.0111964945642656,0.00587581102991209,"CDC25A/CDC25B",2
"BP","GO:1903829","positive regulation of protein localization","5/29","497/18986",0.0100603621730382,6.58641504197599,4.93598892060686,0.000850603283703854,0.0113743462355748,0.00596914585055337,"EGFR/PTGS2/HIF1A/TERT/MAPT",5
"BP","GO:0090594","inflammatory response to wounding","2/29","29/18986",0.0689655172413793,45.1510107015458,9.30624192834726,0.000891509657840188,0.0116922451383014,0.00613597609088585,"HIF1A/ALOX5",2
"BP","GO:0030278","regulation of ossification","3/29","125/18986",0.024,15.7125517241379,6.45476070255788,0.000898274857791963,0.0116922451383014,0.00613597609088585,"MAPK1/HIF1A/ALOX5",3
"BP","GO:1990748","cellular detoxification","3/29","125/18986",0.024,15.7125517241379,6.45476070255788,0.000898274857791963,0.0116922451383014,0.00613597609088585,"PTGS2/ALDH1A1/PTGS1",3
"BP","GO:0044843","cell cycle G1/S phase transition","4/29","287/18986",0.0139372822299652,9.1245944971765,5.42441547825251,0.000901489045445846,0.0116922451383014,0.00613597609088585,"TP53/EGFR/TERT/CDC25A",4
"BP","GO:0006275","regulation of DNA replication","3/29","127/18986",0.0236220472440945,15.4651099647027,6.39710920176671,0.000940517928867385,0.0121074136365391,0.00635385246524706,"TP53/EGFR/CDC25A",3
"BP","GO:0030282","bone mineralization","3/29","128/18986",0.0234375,15.3442887931034,6.36877174318362,0.000962104482249977,0.0122935572731942,0.00645153882834293,"PTGS2/HIF1A/ALOX5",3
"BP","GO:0001516","prostaglandin biosynthetic process","2/29","31/18986",0.0645161290322581,42.238042269188,8.98744998648447,0.00101913289636212,0.0127391612045265,0.00668538742083468,"PTGS2/PTGS1",2
"BP","GO:0046457","prostanoid biosynthetic process","2/29","31/18986",0.0645161290322581,42.238042269188,8.98744998648447,0.00101913289636212,0.0127391612045265,0.00668538742083468,"PTGS2/PTGS1",2
"BP","GO:1902751","positive regulation of cell cycle G2/M phase transition","2/29","31/18986",0.0645161290322581,42.238042269188,8.98744998648447,0.00101913289636212,0.0127391612045265,0.00668538742083468,"CDC25A/CDC25B",2
"BP","GO:0045834","positive regulation of lipid metabolic process","3/29","132/18986",0.0227272727272727,14.8793103448276,6.258533708414,0.00105159260730882,0.0130503399108468,0.00684869096770604,"PTGS2/MAPK1/MAPT",3
"BP","GO:0010575","positive regulation of vascular endothelial growth factor production","2/29","32/18986",0.0625,40.9181034482759,8.83922003563696,0.00108604674397892,0.0133816473811688,0.00702255789339751,"PTGS2/HIF1A",2
"BP","GO:0097237","cellular response to toxic substance","3/29","135/18986",0.0222222222222222,14.5486590038314,6.17896157745148,0.00112205720877738,0.0135801448196479,0.0071267274110738,"PTGS2/ALDH1A1/PTGS1",3
"BP","GO:0021782","glial cell development","3/29","136/18986",0.0220588235294118,14.4416835699797,6.15300033934049,0.00114619253811237,0.0135801448196479,0.0071267274110738,"EGFR/MAPK1/MAPT",3
"BP","GO:0030879","mammary gland development","3/29","136/18986",0.0220588235294118,14.4416835699797,6.15300033934049,0.00114619253811237,0.0135801448196479,0.0071267274110738,"MAPK1/HIF1A/AR",3
"BP","GO:0045907","positive regulation of vasoconstriction","2/29","33/18986",0.0606060606060606,39.6781609195402,8.69767747478333,0.00115502070913561,0.0135801448196479,0.0071267274110738,"EGFR/PTGS2",2
"BP","GO:0071634","regulation of transforming growth factor beta production","2/29","33/18986",0.0606060606060606,39.6781609195402,8.69767747478333,0.00115502070913561,0.0135801448196479,0.0071267274110738,"PTGS2/HIF1A",2
"BP","GO:0090322","regulation of superoxide metabolic process","2/29","33/18986",0.0606060606060606,39.6781609195402,8.69767747478333,0.00115502070913561,0.0135801448196479,0.0071267274110738,"EGFR/MAPT",2
"BP","GO:0051402","neuron apoptotic process","4/29","307/18986",0.0130293159609121,8.53015837358194,5.20254663267481,0.00115726451506565,0.0135801448196479,0.0071267274110738,"TP53/HIF1A/TERT/THRB",4
"BP","GO:0051654","establishment of mitochondrion localization","2/29","34/18986",0.0588235294117647,38.5111561866126,8.56232837880612,0.00122604878142353,0.0142900955942945,0.00749930264597608,"HIF1A/MAPT",2
"BP","GO:0034504","protein localization to nucleus","4/29","321/18986",0.0124610591900312,8.15812654420453,5.05891503523147,0.00136416796715302,0.0154939191987306,0.00813105752000509,"TP53/PTGS2/TERT/LMNA",4
"BP","GO:0071375","cellular response to peptide hormone stimulus","4/29","321/18986",0.0124610591900312,8.15812654420453,5.05891503523147,0.00136416796715302,0.0154939191987306,0.00813105752000509,"MAPK1/PKM/PTPN1/TSHR",4
"BP","GO:0030947","regulation of vascular endothelial growth factor receptor signaling pathway","2/29","36/18986",0.0555555555555556,36.3716475095785,8.3084770838944,0.00137424326806133,0.0154939191987306,0.00813105752000509,"HIF1A/PTPN1",2
"BP","GO:0051968","positive regulation of synaptic transmission, glutamatergic","2/29","36/18986",0.0555555555555556,36.3716475095785,8.3084770838944,0.00137424326806133,0.0154939191987306,0.00813105752000509,"EGFR/PTGS2",2
"BP","GO:0071604","transforming growth factor beta production","2/29","36/18986",0.0555555555555556,36.3716475095785,8.3084770838944,0.00137424326806133,0.0154939191987306,0.00813105752000509,"PTGS2/HIF1A",2
"BP","GO:0006470","protein dephosphorylation","3/29","146/18986",0.0205479452054795,13.452527161077,5.90762569789096,0.00140577974498047,0.0156449681296214,0.00821032652416438,"PTPN1/CDC25A/CDC25B",3
"BP","GO:1900180","regulation of protein localization to nucleus","3/29","146/18986",0.0205479452054795,13.452527161077,5.90762569789096,0.00140577974498047,0.0156449681296214,0.00821032652416438,"PTGS2/TERT/LMNA",3
"BP","GO:0009416","response to light stimulus","4/29","326/18986",0.0122699386503067,8.033001903956,5.00971719365582,0.00144396400140955,0.0158429534811069,0.00831422730358621,"TP53/EGFR/HIF1A/CDC25A",4
"BP","GO:0010661","positive regulation of muscle cell apoptotic process","2/29","37/18986",0.0540540540540541,35.3886300093197,8.18921141866912,0.00145139772383083,0.0158429534811069,0.00831422730358621,"TP53/PTPN1",2
"BP","GO:0051353","positive regulation of oxidoreductase activity","2/29","37/18986",0.0540540540540541,35.3886300093197,8.18921141866912,0.00145139772383083,0.0158429534811069,0.00831422730358621,"HIF1A/TERT",2
"BP","GO:0097193","intrinsic apoptotic signaling pathway","4/29","327/18986",0.0122324159021407,8.00843614889803,5.00000351488906,0.00146030701651941,0.0158429534811069,0.00831422730358621,"TP53/PTGS2/HIF1A/PTPN1",4
"BP","GO:0062013","positive regulation of small molecule metabolic process","3/29","153/18986",0.0196078431372549,12.8370520622042,5.74975069757811,0.00160780872666496,0.0172691920376363,0.0090627033729167,"PTGS2/MAPK1/HIF1A",3
"BP","GO:0032768","regulation of monooxygenase activity","2/29","39/18986",0.0512820512820513,33.5738284703802,7.96435070600623,0.00161179125684606,0.0172691920376363,0.0090627033729167,"HIF1A/TERT",2
"BP","GO:0048545","response to steroid hormone","4/29","340/18986",0.0117647058823529,7.70223123732252,4.87736795772134,0.00168472638649167,0.017938078686959,0.00941372855578018,"EGFR/PTGS2/MAPK1/AR",4
"BP","GO:0090199","regulation of release of cytochrome c from mitochondria","2/29","40/18986",0.05,32.7344827586207,7.85818317342485,0.00169501844984019,0.017938078686959,0.00941372855578018,"TP53/LMNA",2
"BP","GO:0071214","cellular response to abiotic stimulus","4/29","342/18986",0.0116959064327485,7.65718894938496,4.85907815155175,0.00172126797163478,0.0179879497444343,0.00943990039982516,"TP53/EGFR/PTGS2/CDC25A",4
"BP","GO:0104004","cellular response to environmental stimulus","4/29","342/18986",0.0116959064327485,7.65718894938496,4.85907815155175,0.00172126797163478,0.0179879497444343,0.00943990039982516,"TP53/EGFR/PTGS2/CDC25A",4
"BP","GO:0009411","response to UV","3/29","157/18986",0.0191082802547771,12.5099934109378,5.66409812064086,0.00173101429424701,0.0179879497444343,0.00943990039982516,"TP53/EGFR/CDC25A",3
"BP","GO:0044839","cell cycle G2/M phase transition","3/29","158/18986",0.0189873417721519,12.4308162374509,5.64317068628305,0.00176271317064049,0.0182076659841608,0.00955520533722548,"TP53/CDC25A/CDC25B",3
"BP","GO:0062012","regulation of small molecule metabolic process","4/29","348/18986",0.0114942528735632,7.52516845025763,4.80508628370106,0.0018342099368795,0.0188334056018878,0.00988358737917528,"TP53/PTGS2/MAPK1/HIF1A",4
"BP","GO:0060251","regulation of glial cell proliferation","2/29","42/18986",0.0476190476190476,31.175697865353,7.65712293993947,0.00186750407070618,0.0189496736586362,0.00994460372016914,"TP53/EGFR",2
"BP","GO:0070232","regulation of T cell apoptotic process","2/29","42/18986",0.0476190476190476,31.175697865353,7.65712293993947,0.00186750407070618,0.0189496736586362,0.00994460372016914,"TP53/HIF1A",2
"BP","GO:0050730","regulation of peptidyl-tyrosine phosphorylation","3/29","162/18986",0.0185185185185185,12.1238825031928,5.5613142702674,0.00189314442908071,0.0190975095916037,0.0100221865743885,"TP53/EGFR/PTPN1",3
"BP","GO:0045740","positive regulation of DNA replication","2/29","43/18986",0.0465116279069767,30.4506816359262,7.56179141857724,0.00195675068826185,0.019548961956646,0.0102591043677898,"EGFR/CDC25A",2
"BP","GO:2001236","regulation of extrinsic apoptotic signaling pathway","3/29","164/18986",0.0182926829268293,11.9760302775442,5.52145873138887,0.00196056256144913,0.019548961956646,0.0102591043677898,"AR/TERT/LMNA",3
"BP","GO:0042063","gliogenesis","4/29","355/18986",0.0112676056338028,7.37678484701311,4.74370149318282,0.00197238913856622,0.0195538578392341,0.0102616736791709,"TP53/EGFR/MAPK1/MAPT",4
"BP","GO:0014002","astrocyte development","2/29","44/18986",0.0454545454545455,29.7586206896552,7.46966232552834,0.00204799199081661,0.0200005145270893,0.0104960747480072,"EGFR/MAPT",2
"BP","GO:0006606","protein import into nucleus","3/29","167/18986",0.0179640718562874,11.7608920090853,5.46295637149789,0.00206447624501794,0.0200005145270893,0.0104960747480072,"TP53/PTGS2/LMNA",3
"BP","GO:0035051","cardiocyte differentiation","3/29","167/18986",0.0179640718562874,11.7608920090853,5.46295637149789,0.00206447624501794,0.0200005145270893,0.0104960747480072,"EGFR/MAPK1/LMNA",3
"BP","GO:0098754","detoxification","3/29","167/18986",0.0179640718562874,11.7608920090853,5.46295637149789,0.00206447624501794,0.0200005145270893,0.0104960747480072,"PTGS2/ALDH1A1/PTGS1",3
"BP","GO:0045765","regulation of angiogenesis","4/29","360/18986",0.0111111111111111,7.27432950191571,4.70087029072602,0.00207541571034724,0.0200005145270893,0.0104960747480072,"HIF1A/PKM/TERT/ALOX5",4
"BP","GO:0043010","camera-type eye development","4/29","362/18986",0.0110497237569061,7.23413983615927,4.68396712227714,0.00211765381512321,0.0201836509791204,0.0105921829699732,"EGFR/HIF1A/THRB/CACNA1C",4
"BP","GO:0042554","superoxide anion generation","2/29","45/18986",0.0444444444444444,29.0973180076628,7.38055747132628,0.0021412221038719,0.0201836509791204,0.0105921829699732,"EGFR/MAPT",2
"BP","GO:1901524","regulation of mitophagy","2/29","45/18986",0.0444444444444444,29.0973180076628,7.38055747132628,0.0021412221038719,0.0201836509791204,0.0105921829699732,"TP53/HIF1A",2
"BP","GO:1990776","response to angiotensin","2/29","45/18986",0.0444444444444444,29.0973180076628,7.38055747132628,0.0021412221038719,0.0201836509791204,0.0105921829699732,"PTGS2/PTPN1",2
"BP","GO:0045787","positive regulation of cell cycle","4/29","365/18986",0.010958904109589,7.1746811525744,4.65885252630794,0.002182125433693,0.0204574259408719,0.0107358573968878,"EGFR/TERT/CDC25A/CDC25B",4
"BP","GO:1903573","negative regulation of response to endoplasmic reticulum stress","2/29","46/18986",0.0434782608695652,28.4647676161919,7.29431227568575,0.00223643516515401,0.0206008420216055,0.0108111207558082,"PTPN1/ALOX5",2
"BP","GO:0019362","pyridine nucleotide metabolic process","3/29","172/18986",0.0174418604651163,11.4190056134723,5.36870350789102,0.00224519321742715,0.0206008420216055,0.0108111207558082,"TP53/HIF1A/PKM",3
"BP","GO:0046496","nicotinamide nucleotide metabolic process","3/29","172/18986",0.0174418604651163,11.4190056134723,5.36870350789102,0.00224519321742715,0.0206008420216055,0.0108111207558082,"TP53/HIF1A/PKM",3
"BP","GO:0051170","import into nucleus","3/29","172/18986",0.0174418604651163,11.4190056134723,5.36870350789102,0.00224519321742715,0.0206008420216055,0.0108111207558082,"TP53/PTGS2/LMNA",3
"BP","GO:1901342","regulation of vasculature development","4/29","369/18986",0.010840108401084,7.09690683113728,4.62580569885049,0.00227019070506497,0.0207199945303549,0.0108736508290497,"HIF1A/PKM/TERT/ALOX5",4
"BP","GO:0048660","regulation of smooth muscle cell proliferation","3/29","174/18986",0.0172413793103448,11.2877526753864,5.33208604031885,0.00232014795442645,0.0210645011651875,0.0110544445474058,"EGFR/PTGS2/TERT",3
"BP","GO:2000378","negative regulation of reactive oxygen species metabolic process","2/29","47/18986",0.0425531914893617,27.8591342626559,7.21077445867228,0.00233362532459237,0.021075935523151,0.0110604451868252,"TP53/HIF1A",2
"BP","GO:0009266","response to temperature stimulus","3/29","176/18986",0.0170454545454545,11.1594827586207,5.29606160667178,0.00239664407363859,0.0214207825234537,0.0112414175256569,"PTGS2/MAPT/TRPA1",3
"BP","GO:0050806","positive regulation of synaptic transmission","3/29","176/18986",0.0170454545454545,11.1594827586207,5.29606160667178,0.00239664407363859,0.0214207825234537,0.0112414175256569,"EGFR/PTGS2/MAPK1",3
"BP","GO:0006984","ER-nucleus signaling pathway","2/29","48/18986",0.0416666666666667,27.2787356321839,7.12980288255179,0.00243278674429799,0.0215208058149437,0.0112939087724495,"TP53/PTPN1",2
"BP","GO:0070849","response to epidermal growth factor","2/29","48/18986",0.0416666666666667,27.2787356321839,7.12980288255179,0.00243278674429799,0.0215208058149437,0.0112939087724495,"EGFR/MAPK1",2
"BP","GO:0048659","smooth muscle cell proliferation","3/29","178/18986",0.0168539325842697,11.0340953118946,5.26061367687441,0.00247469262195626,0.0216692628064698,0.0113718175521367,"EGFR/PTGS2/TERT",3
"BP","GO:0072524","pyridine-containing compound metabolic process","3/29","178/18986",0.0168539325842697,11.0340953118946,5.26061367687441,0.00247469262195626,0.0216692628064698,0.0113718175521367,"TP53/HIF1A/PKM",3
"BP","GO:0006693","prostaglandin metabolic process","2/29","49/18986",0.0408163265306122,26.7220267417312,7.05126652423515,0.00253391359854189,0.0218127489633634,0.0114471176863418,"PTGS2/PTGS1",2
"BP","GO:0030521","androgen receptor signaling pathway","2/29","49/18986",0.0408163265306122,26.7220267417312,7.05126652423515,0.00253391359854189,0.0218127489633634,0.0114471176863418,"MAPK1/AR",2
"BP","GO:0048546","digestive tract morphogenesis","2/29","49/18986",0.0408163265306122,26.7220267417312,7.05126652423515,0.00253391359854189,0.0218127489633634,0.0114471176863418,"EGFR/HIF1A",2
"BP","GO:0016052","carbohydrate catabolic process","3/29","180/18986",0.0166666666666667,10.9114942528736,5.22572636250178,0.00255430451628952,0.0218127489633634,0.0114471176863418,"TP53/HIF1A/PKM",3
"BP","GO:0141193","nuclear receptor-mediated signaling pathway","3/29","180/18986",0.0166666666666667,10.9114942528736,5.22572636250178,0.00255430451628952,0.0218127489633634,0.0114471176863418,"MAPK1/AR/THRB",3
"BP","GO:0050767","regulation of neurogenesis","4/29","383/18986",0.010443864229765,6.83748987125236,4.5139165782931,0.00259782367578875,0.0220751026637221,0.0115847983467893,"TP53/EGFR/HIF1A/MAPT",4
"BP","GO:0031214","biomineral tissue development","3/29","182/18986",0.0164835164835165,10.7915877226222,5.19138438504382,0.00263549054432611,0.022081675374711,0.0115882476413434,"PTGS2/HIF1A/ALOX5",3
"BP","GO:0006692","prostanoid metabolic process","2/29","50/18986",0.04,26.1875862068966,6.97504356126046,0.0026370000737336,0.022081675374711,0.0115882476413434,"PTGS2/PTGS1",2
"BP","GO:0019320","hexose catabolic process","2/29","50/18986",0.04,26.1875862068966,6.97504356126046,0.0026370000737336,0.022081675374711,0.0115882476413434,"TP53/PKM",2
"BP","GO:0031647","regulation of protein stability","4/29","387/18986",0.0103359173126615,6.76681814131694,4.48297622810586,0.00269711917329945,0.0223114133749498,0.0117088119008127,"TP53/MAPK1/TERT/LMNA",4
"BP","GO:0006636","unsaturated fatty acid biosynthetic process","2/29","51/18986",0.0392156862745098,25.6741041244084,6.90102055677585,0.00274204036839963,0.0223114133749498,0.0117088119008127,"PTGS2/PTGS1",2
"BP","GO:0045933","positive regulation of muscle contraction","2/29","51/18986",0.0392156862745098,25.6741041244084,6.90102055677585,0.00274204036839963,0.0223114133749498,0.0117088119008127,"PTGS2/CACNA1C",2
"BP","GO:0046686","response to cadmium ion","2/29","51/18986",0.0392156862745098,25.6741041244084,6.90102055677585,0.00274204036839963,0.0223114133749498,0.0117088119008127,"CYP1A2/TERT",2
"BP","GO:1903146","regulation of autophagy of mitochondrion","2/29","51/18986",0.0392156862745098,25.6741041244084,6.90102055677585,0.00274204036839963,0.0223114133749498,0.0117088119008127,"TP53/HIF1A",2
"BP","GO:1990090","cellular response to nerve growth factor stimulus","2/29","51/18986",0.0392156862745098,25.6741041244084,6.90102055677585,0.00274204036839963,0.0223114133749498,0.0117088119008127,"PTPN1/MAPT",2
"BP","GO:0001659","temperature homeostasis","3/29","185/18986",0.0162162162162162,10.6165890027959,5.14086192442604,0.00276024436918196,0.0223540917222483,0.0117312090807832,"PTGS2/ALDH1A1/TSHR",3
"BP","GO:0009299","mRNA transcription","2/29","52/18986",0.0384615384615385,25.1803713527851,6.82909173109244,0.00284902869316204,0.0229653013817968,0.0120519659425448,"TP53/THRB",2
"BP","GO:0045766","positive regulation of angiogenesis","3/29","189/18986",0.0158730158730159,10.391899288451,5.07527469336533,0.00293219068752138,0.0232180939880621,0.0121846290341623,"HIF1A/PKM/TERT",3
"BP","GO:0048009","insulin-like growth factor receptor signaling pathway","2/29","53/18986",0.0377358490566038,24.7052700065062,6.75915830914357,0.00295795927071701,0.0232180939880621,0.0121846290341623,"MAPK1/AR",2
"BP","GO:0051646","mitochondrion localization","2/29","53/18986",0.0377358490566038,24.7052700065062,6.75915830914357,0.00295795927071701,0.0232180939880621,0.0121846290341623,"HIF1A/MAPT",2
"BP","GO:1990089","response to nerve growth factor","2/29","53/18986",0.0377358490566038,24.7052700065062,6.75915830914357,0.00295795927071701,0.0232180939880621,0.0121846290341623,"PTPN1/MAPT",2
"BP","GO:0048771","tissue remodeling","3/29","191/18986",0.0157068062827225,10.2830835890955,5.04321257422702,0.00302059038802075,0.0232180939880621,0.0121846290341623,"TP53/EGFR/HIF1A",3
"BP","GO:2000045","regulation of G1/S transition of mitotic cell cycle","3/29","191/18986",0.0157068062827225,10.2830835890955,5.04321257422702,0.00302059038802075,0.0232180939880621,0.0121846290341623,"TP53/EGFR/TERT",3
"BP","GO:1904018","positive regulation of vasculature development","3/29","192/18986",0.015625,10.229525862069,5.02735888234379,0.00306540130865922,0.0232180939880621,0.0121846290341623,"HIF1A/PKM/TERT",3
"BP","GO:0001836","release of cytochrome c from mitochondria","2/29","54/18986",0.037037037037037,24.2477650063857,6.69112793467457,0.00306882633581343,0.0232180939880621,0.0121846290341623,"TP53/LMNA",2
"BP","GO:0010665","regulation of cardiac muscle cell apoptotic process","2/29","54/18986",0.037037037037037,24.2477650063857,6.69112793467457,0.00306882633581343,0.0232180939880621,0.0121846290341623,"TP53/PTPN1",2
"BP","GO:0033138","positive regulation of peptidyl-serine phosphorylation","2/29","54/18986",0.037037037037037,24.2477650063857,6.69112793467457,0.00306882633581343,0.0232180939880621,0.0121846290341623,"EGFR/PTGS2",2
"BP","GO:0046365","monosaccharide catabolic process","2/29","54/18986",0.037037037037037,24.2477650063857,6.69112793467457,0.00306882633581343,0.0232180939880621,0.0121846290341623,"TP53/PKM",2
"BP","GO:1902692","regulation of neuroblast proliferation","2/29","54/18986",0.037037037037037,24.2477650063857,6.69112793467457,0.00306882633581343,0.0232180939880621,0.0121846290341623,"TP53/HIF1A",2
"BP","GO:1904752","regulation of vascular associated smooth muscle cell migration","2/29","54/18986",0.037037037037037,24.2477650063857,6.69112793467457,0.00306882633581343,0.0232180939880621,0.0121846290341623,"PTPN1/TERT",2
"BP","GO:2000772","regulation of cellular senescence","2/29","54/18986",0.037037037037037,24.2477650063857,6.69112793467457,0.00306882633581343,0.0232180939880621,0.0121846290341623,"TP53/TERT",2
"BP","GO:0042743","hydrogen peroxide metabolic process","2/29","55/18986",0.0363636363636364,23.8068965517241,6.62491414324356,0.00318162413523159,0.0239663826780546,0.0125773236327243,"EGFR/CYP1A2",2
"BP","GO:0050678","regulation of epithelial cell proliferation","4/29","406/18986",0.00985221674876847,6.45014438593511,4.34177850686755,0.00320471987837828,0.0240353990878371,0.0126135427707337,"EGFR/HIF1A/AR/ALOX5",4
"BP","GO:0002040","sprouting angiogenesis","3/29","196/18986",0.0153061224489796,10.0207600281492,4.96509165659082,0.00324874786151054,0.0242601301346566,0.0127314794299342,"PTGS2/PKM/ALOX5",3
"BP","GO:1900087","positive regulation of G1/S transition of mitotic cell cycle","2/29","56/18986",0.0357142857142857,23.3817733990148,6.56043588717935,0.00329634692776182,0.0244042851948032,0.0128071305980355,"EGFR/TERT",2
"BP","GO:1904738","vascular associated smooth muscle cell migration","2/29","56/18986",0.0357142857142857,23.3817733990148,6.56043588717935,0.00329634692776182,0.0244042851948032,0.0128071305980355,"PTPN1/TERT",2
"BP","GO:0001654","eye development","4/29","411/18986",0.0097323600973236,6.37167547613055,4.3061163656391,0.0033484653749844,0.0246841998796927,0.0129540270917075,"EGFR/HIF1A/THRB/CACNA1C",4
"BP","GO:0010659","cardiac muscle cell apoptotic process","2/29","57/18986",0.0350877192982456,22.9715668481549,6.49761710654768,0.00341298898418322,0.0249466355835426,0.0130917507867867,"TP53/PTPN1",2
"BP","GO:0010662","regulation of striated muscle cell apoptotic process","2/29","57/18986",0.0350877192982456,22.9715668481549,6.49761710654768,0.00341298898418322,0.0249466355835426,0.0130917507867867,"TP53/PTPN1",2
"BP","GO:0000302","response to reactive oxygen species","3/29","200/18986",0.015,9.82034482758621,4.90459213647205,0.00343871778514914,0.0250286421070982,0.0131347870096747,"HIF1A/MAPT/TRPA1",3
"BP","GO:0150063","visual system development","4/29","415/18986",0.00963855421686747,6.31026173660158,4.27801029615372,0.00346659951510084,0.0251255637123905,0.0131856505218342,"EGFR/HIF1A/THRB/CACNA1C",4
"BP","GO:0050805","negative regulation of synaptic transmission","2/29","58/18986",0.0344827586206897,22.5755053507729,6.43638634094964,0.0035315445872424,0.0253110508393027,0.0132829923550269,"PTGS2/MAPT",2
"BP","GO:0061900","glial cell activation","2/29","58/18986",0.0344827586206897,22.5755053507729,6.43638634094964,0.0035315445872424,0.0253110508393027,0.0132829923550269,"EGFR/MAPT",2
"BP","GO:0002520","immune system development","3/29","202/18986",0.0148514851485149,9.72311369067941,4.87497813736274,0.00353621058102722,0.0253110508393027,0.0132829923550269,"TP53/MAPK1/CACNA1C",3
"BP","GO:0018108","peptidyl-tyrosine phosphorylation","3/29","204/18986",0.0147058823529412,9.62778904665314,4.84577425349609,0.00363538786059051,0.0258067656770314,0.0135431386619356,"TP53/EGFR/PTPN1",3
"BP","GO:0090276","regulation of peptide hormone secretion","3/29","204/18986",0.0147058823529412,9.62778904665314,4.84577425349609,0.00363538786059051,0.0258067656770314,0.0135431386619356,"EGFR/HIF1A/ALOX5",3
"BP","GO:0060135","maternal process involved in female pregnancy","2/29","59/18986",0.0338983050847458,22.1928696668615,6.37667637763677,0.00365200803163228,0.0258184994039577,0.0135492964072638,"PTGS2/AR",2
"BP","GO:0048880","sensory system development","4/29","422/18986",0.00947867298578199,6.20558914855369,4.22970256535773,0.0036801518145479,0.0259112729799801,0.013597983074162,"EGFR/HIF1A/THRB/CACNA1C",4
"BP","GO:0007623","circadian rhythm","3/29","206/18986",0.0145631067961165,9.53431536658855,4.81697062693426,0.00373625891894496,0.0259251926204094,0.0136052879655543,"TP53/EGFR/TOP1",3
"BP","GO:0018212","peptidyl-tyrosine modification","3/29","206/18986",0.0145631067961165,9.53431536658855,4.81697062693426,0.00373625891894496,0.0259251926204094,0.0136052879655543,"TP53/EGFR/PTPN1",3
"BP","GO:0010658","striated muscle cell apoptotic process","2/29","60/18986",0.0333333333333333,21.8229885057471,6.3184239319937,0.00377437362397085,0.0259251926204094,0.0136052879655543,"TP53/PTPN1",2
"BP","GO:1903409","reactive oxygen species biosynthetic process","2/29","60/18986",0.0333333333333333,21.8229885057471,6.3184239319937,0.00377437362397085,0.0259251926204094,0.0136052879655543,"CYP1A2/ALOX5",2
"BP","GO:0002791","regulation of peptide secretion","3/29","207/18986",0.0144927536231884,9.48825587206397,4.80271592037615,0.00378733248715546,0.0259251926204094,0.0136052879655543,"EGFR/HIF1A/ALOX5",3
"BP","GO:0090087","regulation of peptide transport","3/29","207/18986",0.0144927536231884,9.48825587206397,4.80271592037615,0.00378733248715546,0.0259251926204094,0.0136052879655543,"EGFR/HIF1A/ALOX5",3
"BP","GO:2000241","regulation of reproductive process","3/29","207/18986",0.0144927536231884,9.48825587206397,4.80271592037615,0.00378733248715546,0.0259251926204094,0.0136052879655543,"AR/CDC25A/CDC25B",3
"BP","GO:0014009","glial cell proliferation","2/29","61/18986",0.0327868852459016,21.4652345958168,6.26156935692683,0.0038986356827801,0.0263731237364536,0.0138403578418612,"TP53/EGFR",2
"BP","GO:0070228","regulation of lymphocyte apoptotic process","2/29","61/18986",0.0327868852459016,21.4652345958168,6.26156935692683,0.0038986356827801,0.0263731237364536,0.0138403578418612,"TP53/HIF1A",2
"BP","GO:0070231","T cell apoptotic process","2/29","61/18986",0.0327868852459016,21.4652345958168,6.26156935692683,0.0038986356827801,0.0263731237364536,0.0138403578418612,"TP53/HIF1A",2
"BP","GO:0007004","telomere maintenance via telomerase","2/29","62/18986",0.032258064516129,21.119021134594,6.20605637811781,0.00402478853846482,0.0269099233676427,0.014122065047245,"TP53/TERT",2
"BP","GO:0010574","regulation of vascular endothelial growth factor production","2/29","62/18986",0.032258064516129,21.119021134594,6.20605637811781,0.00402478853846482,0.0269099233676427,0.014122065047245,"PTGS2/HIF1A",2
"BP","GO:0048010","vascular endothelial growth factor receptor signaling pathway","2/29","62/18986",0.032258064516129,21.119021134594,6.20605637811781,0.00402478853846482,0.0269099233676427,0.014122065047245,"HIF1A/PTPN1",2
"BP","GO:0008016","regulation of heart contraction","3/29","213/18986",0.0140845070422535,9.22098105876639,4.71917523253547,0.00410277753072491,0.0271160583927221,0.0142302426957993,"PTPN1/THRB/CACNA1C",3
"BP","GO:0032869","cellular response to insulin stimulus","3/29","213/18986",0.0140845070422535,9.22098105876639,4.71917523253547,0.00410277753072491,0.0271160583927221,0.0142302426957993,"MAPK1/PKM/PTPN1",3
"BP","GO:0071383","cellular response to steroid hormone stimulus","3/29","213/18986",0.0140845070422535,9.22098105876639,4.71917523253547,0.00410277753072491,0.0271160583927221,0.0142302426957993,"EGFR/MAPK1/AR",3
"BP","GO:0050679","positive regulation of epithelial cell proliferation","3/29","216/18986",0.0138888888888889,9.09291187739464,4.67863370704806,0.00426633788629178,0.0279838387759818,0.0146856453683261,"EGFR/HIF1A/AR",3
"BP","GO:1903670","regulation of sprouting angiogenesis","2/29","64/18986",0.03125,20.4590517241379,6.09884554734202,0.00428274402136765,0.0279838387759818,0.0146856453683261,"PKM/ALOX5",2
"BP","GO:2000351","regulation of endothelial cell apoptotic process","2/29","64/18986",0.03125,20.4590517241379,6.09884554734202,0.00428274402136765,0.0279838387759818,0.0146856453683261,"PTPN1/TERT",2
"BP","GO:0009314","response to radiation","4/29","442/18986",0.00904977375565611,5.92479325947886,4.09748076716199,0.00433954027061142,0.0282479508181309,0.0148242487893776,"TP53/EGFR/HIF1A/CDC25A",4
"BP","GO:0010573","vascular endothelial growth factor production","2/29","65/18986",0.0307692307692308,20.1442970822281,6.04704993860793,0.00441453536861996,0.0286280959055241,0.0150237452196801,"PTGS2/HIF1A",2
"BP","GO:0048167","regulation of synaptic plasticity","3/29","220/18986",0.0136363636363636,8.92758620689655,4.6257904207182,0.00449053797705723,0.0289036492926258,0.0151683529468547,"PTGS2/MAPK1/MAPT",3
"BP","GO:1902806","regulation of cell cycle G1/S phase transition","3/29","220/18986",0.0136363636363636,8.92758620689655,4.6257904207182,0.00449053797705723,0.0289036492926258,0.0151683529468547,"TP53/EGFR/TERT",3
"BP","GO:0043470","regulation of carbohydrate catabolic process","2/29","66/18986",0.0303030303030303,19.8390804597701,5.99640002547815,0.00454819495277417,0.0289506874300201,0.0151930381021006,"TP53/HIF1A",2
"BP","GO:0051341","regulation of oxidoreductase activity","2/29","66/18986",0.0303030303030303,19.8390804597701,5.99640002547815,0.00454819495277417,0.0289506874300201,0.0151930381021006,"HIF1A/TERT",2
"BP","GO:0070059","intrinsic apoptotic signaling pathway in response to endoplasmic reticulum stress","2/29","66/18986",0.0303030303030303,19.8390804597701,5.99640002547815,0.00454819495277417,0.0289506874300201,0.0151930381021006,"TP53/PTPN1",2
"BP","GO:0009612","response to mechanical stimulus","3/29","222/18986",0.0135135135135135,8.84715750232992,4.59987086108152,0.00460527968173811,0.0290992946923013,0.0152710257424129,"EGFR/PTGS2/TRPA1",3
"BP","GO:0016311","dephosphorylation","3/29","222/18986",0.0135135135135135,8.84715750232992,4.59987086108152,0.00460527968173811,0.0290992946923013,0.0152710257424129,"PTPN1/CDC25A/CDC25B",3
"BP","GO:0048732","gland development","4/29","450/18986",0.00888888888888889,5.81946360153257,4.0468438370469,0.00462438055510522,0.0291133447356077,0.0152783990679619,"EGFR/MAPK1/HIF1A/AR",4
"BP","GO:0007005","mitochondrion organization","4/29","452/18986",0.00884955752212389,5.79371376258773,4.0343746941801,0.00469752303470032,0.0294662808540293,0.0154636164970039,"TP53/TERT/MAPT/LMNA",4
"BP","GO:0019229","regulation of vasoconstriction","2/29","68/18986",0.0294117647058824,19.2555780933063,5.89836889421646,0.00482109640155873,0.030131852509742,0.015812902003587,"EGFR/PTGS2",2
"BP","GO:0048568","embryonic organ development","4/29","458/18986",0.00873362445414847,5.71781358229182,3.99741040877609,0.00492165116184167,0.030450406454692,0.0159800760036828,"TP53/EGFR/MAPK1/HIF1A",4
"BP","GO:0006278","RNA-templated DNA biosynthetic process","2/29","69/18986",0.0289855072463768,18.9765117441279,5.85090883001777,0.00496032708044548,0.030450406454692,0.0159800760036828,"TP53/TERT",2
"BP","GO:0034605","cellular response to heat","2/29","69/18986",0.0289855072463768,18.9765117441279,5.85090883001777,0.00496032708044548,0.030450406454692,0.0159800760036828,"PTGS2/MAPT",2
"BP","GO:0070918","regulatory ncRNA processing","2/29","69/18986",0.0289855072463768,18.9765117441279,5.85090883001777,0.00496032708044548,0.030450406454692,0.0159800760036828,"TP53/TERT",2
"BP","GO:0098930","axonal transport","2/29","69/18986",0.0289855072463768,18.9765117441279,5.85090883001777,0.00496032708044548,0.030450406454692,0.0159800760036828,"HIF1A/MAPT",2
"BP","GO:0043549","regulation of kinase activity","4/29","460/18986",0.00869565217391304,5.69295352323838,3.98523406401003,0.00499794044528324,0.030572508042956,0.0160441537250601,"EGFR/PTPN1/CDC25A/MAPT",4
"BP","GO:0048645","animal organ formation","2/29","70/18986",0.0285714285714286,18.7054187192118,5.80443649336157,0.00510140362470522,0.0308441392275613,0.0161867031186592,"MAPK1/AR",2
"BP","GO:0051445","regulation of meiotic cell cycle","2/29","70/18986",0.0285714285714286,18.7054187192118,5.80443649336157,0.00510140362470522,0.0308441392275613,0.0161867031186592,"CDC25A/CDC25B",2
"BP","GO:0072577","endothelial cell apoptotic process","2/29","70/18986",0.0285714285714286,18.7054187192118,5.80443649336157,0.00510140362470522,0.0308441392275613,0.0161867031186592,"PTPN1/TERT",2
"BP","GO:0051960","regulation of nervous system development","4/29","463/18986",0.00863930885529158,5.65606613539882,3.96710291611099,0.00511386888062755,0.0308441392275613,0.0161867031186592,"TP53/EGFR/HIF1A/MAPT",4
"BP","GO:1902808","positive regulation of cell cycle G1/S phase transition","2/29","71/18986",0.028169014084507,18.4419621175328,5.75891720897875,0.0052443204707435,0.0315207415053399,0.0165417773880044,"EGFR/TERT",2
"BP","GO:0019722","calcium-mediated signaling","3/29","235/18986",0.0127659574468085,8.35774027879677,4.43900528876791,0.00539465426498657,0.0323117312746591,0.0169568810960835,"MAPT/TRPA1/CACNA1C",3
"BP","GO:0097191","extrinsic apoptotic signaling pathway","3/29","236/18986",0.0127118644067797,8.32232612507306,4.42714684961659,0.00545853887771356,0.0325521534140132,0.0170830522874455,"AR/TERT/LMNA",3
"BP","GO:0031329","regulation of cellular catabolic process","4/29","472/18986",0.00847457627118644,5.54821741671537,3.91364637144956,0.00547253593626889,0.0325521534140132,0.0170830522874455,"TP53/HIF1A/PTPN1/MAPT",4
"BP","GO:0071260","cellular response to mechanical stimulus","2/29","74/18986",0.027027027027027,17.6943150046598,5.62775560060928,0.0056840573585632,0.0336941544450911,0.0176823632785833,"EGFR/PTGS2",2
"BP","GO:0010833","telomere maintenance via telomere lengthening","2/29","75/18986",0.0266666666666667,17.4583908045977,5.58573399072983,0.00583428000893013,0.0343485768443839,0.0180257977642533,"TP53/TERT",2
"BP","GO:0071496","cellular response to external stimulus","2/29","75/18986",0.0266666666666667,17.4583908045977,5.58573399072983,0.00583428000893013,0.0343485768443839,0.0180257977642533,"EGFR/PTGS2",2
"BP","GO:0034612","response to tumor necrosis factor","3/29","243/18986",0.0123456790123457,8.0825883354619,4.34605360503663,0.005918569375132,0.0347262999051112,0.0182240231386091,"TP53/PTGS2/MAPK1",3
"BP","GO:0043086","negative regulation of catalytic activity","4/29","486/18986",0.00823045267489712,5.38839222364127,3.83316224496233,0.00606356952144464,0.0354564658457356,0.0186072070952449,"TP53/PTGS2/PTPN1/MAPT",4
"BP","GO:0006801","superoxide metabolic process","2/29","77/18986",0.025974025974026,17.0049261083744,5.50407381704924,0.00614015779128272,0.0355428596978614,0.0186525457453308,"EGFR/MAPT",2
"BP","GO:0033135","regulation of peptidyl-serine phosphorylation","2/29","77/18986",0.025974025974026,17.0049261083744,5.50407381704924,0.00614015779128272,0.0355428596978614,0.0186525457453308,"EGFR/PTGS2",2
"BP","GO:0051966","regulation of synaptic transmission, glutamatergic","2/29","77/18986",0.025974025974026,17.0049261083744,5.50407381704924,0.00614015779128272,0.0355428596978614,0.0186525457453308,"EGFR/PTGS2",2
"BP","GO:0050769","positive regulation of neurogenesis","3/29","247/18986",0.0121457489878543,7.95169621666899,4.30115953384962,0.00619161010462789,0.0357208275266994,0.0187459415243091,"EGFR/HIF1A/MAPT",3
"BP","GO:0006091","generation of precursor metabolites and energy","4/29","490/18986",0.00816326530612245,5.34440534834624,3.81073690542654,0.00623999101552192,0.035879948339251,0.0188294465731539,"TP53/HIF1A/PKM/CYP1A2",4
"BP","GO:0043536","positive regulation of blood vessel endothelial cell migration","2/29","78/18986",0.0256410256410256,16.7869142351901,5.4643844749779,0.00629580194708974,0.0360805925539196,0.0189347426980143,"PTGS2/HIF1A",2
"BP","GO:0023061","signal release","4/29","493/18986",0.00811359026369168,5.31188361194656,3.79407838541999,0.00637454458819439,0.0364108921014415,0.0191080806756611,"EGFR/PTGS2/HIF1A/ALOX5",4
"BP","GO:0030072","peptide hormone secretion","3/29","250/18986",0.012,7.85627586206897,4.26814675025707,0.00640128544514982,0.0364429616926846,0.0191249104840328,"EGFR/HIF1A/ALOX5",3
"BP","GO:0048863","stem cell differentiation","3/29","251/18986",0.0119521912350598,7.82497595823602,4.25726449210753,0.00647211408949371,0.0367249894880811,0.0192729159174674,"TP53/MAPK1/HIF1A",3
"BP","GO:0033002","muscle cell proliferation","3/29","252/18986",0.0119047619047619,7.79392446633826,4.24644224040888,0.0065434125547429,0.0369294122044934,0.0193801949631514,"EGFR/PTGS2/TERT",3
"BP","GO:0002534","cytokine production involved in inflammatory response","2/29","80/18986",0.025,16.3672413793103,5.38716868222477,0.00661247343401645,0.0369294122044934,0.0193801949631514,"HIF1A/ALOX5",2
"BP","GO:0014032","neural crest cell development","2/29","80/18986",0.025,16.3672413793103,5.38716868222477,0.00661247343401645,0.0369294122044934,0.0193801949631514,"MAPK1/HIF1A",2
"BP","GO:1900015","regulation of cytokine production involved in inflammatory response","2/29","80/18986",0.025,16.3672413793103,5.38716868222477,0.00661247343401645,0.0369294122044934,0.0193801949631514,"HIF1A/ALOX5",2
"BP","GO:0060047","heart contraction","3/29","253/18986",0.0118577075098814,7.76311844077961,4.23567941043923,0.00661518166445707,0.0369294122044934,0.0193801949631514,"PTPN1/THRB/CACNA1C",3
"BP","GO:0043523","regulation of neuron apoptotic process","3/29","254/18986",0.0118110236220472,7.73255498235134,4.22497542548811,0.00668742223573562,0.037092615294675,0.0194658423514389,"TP53/HIF1A/TERT",3
"BP","GO:0090257","regulation of muscle system process","3/29","254/18986",0.0118110236220472,7.73255498235134,4.22497542548811,0.00668742223573562,0.037092615294675,0.0194658423514389,"PTGS2/LMNA/CACNA1C",3
"BP","GO:0002790","peptide secretion","3/29","257/18986",0.0116731517509728,7.64229169461962,4.19321089087299,0.00690698079346849,0.0380656289735883,0.0199764704300753,"EGFR/HIF1A/ALOX5",3
"BP","GO:0051222","positive regulation of protein transport","3/29","257/18986",0.0116731517509728,7.64229169461962,4.19321089087299,0.00690698079346849,0.0380656289735883,0.0199764704300753,"EGFR/PTGS2/HIF1A",3
"BP","GO:0030500","regulation of bone mineralization","2/29","82/18986",0.024390243902439,15.9680403700589,5.312690454482,0.00693628615026431,0.0381053936598915,0.0199973385492032,"HIF1A/ALOX5",2
"BP","GO:0033674","positive regulation of kinase activity","3/29","258/18986",0.0116279069767442,7.61267040898156,4.18273667424826,0.00698111525349421,0.0381089361148023,0.0199991975949535,"EGFR/PTPN1/MAPT",3
"BP","GO:1901136","carbohydrate derivative catabolic process","3/29","258/18986",0.0116279069767442,7.61267040898156,4.18273667424826,0.00698111525349421,0.0381089361148023,0.0199991975949535,"HIF1A/ALDH1A1/PKM",3
"BP","GO:0007405","neuroblast proliferation","2/29","83/18986",0.0240963855421687,15.7756543415039,5.27642654347468,0.00710085688572581,0.0385187991442673,0.0202142897111029,"TP53/HIF1A",2
"BP","GO:0008088","axo-dendritic transport","2/29","83/18986",0.0240963855421687,15.7756543415039,5.27642654347468,0.00710085688572581,0.0385187991442673,0.0202142897111029,"HIF1A/MAPT",2
"BP","GO:0046883","regulation of hormone secretion","3/29","261/18986",0.0114942528735632,7.52516845025763,4.15164836630553,0.00720637444742405,0.0389686392533119,0.0204503614082979,"EGFR/HIF1A/ALOX5",3
"BP","GO:0070227","lymphocyte apoptotic process","2/29","84/18986",0.0238095238095238,15.5878489326765,5.24078707682393,0.00726719665100593,0.0390129394187064,0.0204736097025706,"TP53/HIF1A",2
"BP","GO:0003015","heart process","3/29","262/18986",0.0114503816793893,7.49644643327191,4.14139529613381,0.00728241535815853,0.0390129394187064,0.0204736097025706,"PTPN1/THRB/CACNA1C",3
"BP","GO:0071900","regulation of protein serine/threonine kinase activity","3/29","262/18986",0.0114503816793893,7.49644643327191,4.14139529613381,0.00728241535815853,0.0390129394187064,0.0204736097025706,"EGFR/PTPN1/CDC25A",3
"BP","GO:0006970","response to osmotic stress","2/29","85/18986",0.0235294117647059,15.404462474645,5.20575377803121,0.00743530004406288,0.0397086457461562,0.0208387095906602,"TP53/PTGS2",2
"BP","GO:0048864","stem cell development","2/29","86/18986",0.0232558139534884,15.2253408179631,5.17130911405349,0.00760516167424073,0.0403658581171239,0.0211836082262252,"MAPK1/HIF1A",2
"BP","GO:1900542","regulation of purine nucleotide metabolic process","2/29","86/18986",0.0232558139534884,15.2253408179631,5.17130911405349,0.00760516167424073,0.0403658581171239,0.0211836082262252,"TP53/HIF1A",2
"BP","GO:0010001","glial cell differentiation","3/29","267/18986",0.0112359550561798,7.35606354126308,4.09092985890978,0.00766981281072854,0.0405841322040084,0.0212981563358946,"EGFR/MAPK1/MAPT",3
"BP","GO:0000079","regulation of cyclin-dependent protein serine/threonine kinase activity","2/29","87/18986",0.0229885057471264,15.0503369005153,5.13743625681003,0.00777677616224933,0.0408154413444888,0.0214195451144228,"EGFR/CDC25A",2
"BP","GO:0006140","regulation of nucleotide metabolic process","2/29","87/18986",0.0229885057471264,15.0503369005153,5.13743625681003,0.00777677616224933,0.0408154413444888,0.0214195451144228,"TP53/HIF1A",2
"BP","GO:0071216","cellular response to biotic stimulus","3/29","269/18986",0.0111524163568773,7.3013716190232,4.07110784426133,0.0078281422836439,0.0408154413444888,0.0214195451144228,"TP53/PTGS2/MAPK1",3
"BP","GO:0001894","tissue homeostasis","3/29","270/18986",0.0111111111111111,7.27432950191571,4.06127297104223,0.00790803217104465,0.0408154413444888,0.0214195451144228,"EGFR/PTGS2/ALDH1A1",3
"BP","GO:0009636","response to toxic substance","3/29","270/18986",0.0111111111111111,7.27432950191571,4.06127297104223,0.00790803217104465,0.0408154413444888,0.0214195451144228,"PTGS2/ALDH1A1/PTGS1",3
"BP","GO:0015833","peptide transport","3/29","270/18986",0.0111111111111111,7.27432950191571,4.06127297104223,0.00790803217104465,0.0408154413444888,0.0214195451144228,"EGFR/HIF1A/ALOX5",3
"BP","GO:0060249","anatomical structure homeostasis","3/29","270/18986",0.0111111111111111,7.27432950191571,4.06127297104223,0.00790803217104465,0.0408154413444888,0.0214195451144228,"EGFR/PTGS2/ALDH1A1",3
"BP","GO:0034103","regulation of tissue remodeling","2/29","88/18986",0.0227272727272727,14.8793103448276,5.10411904709902,0.00795013814014391,0.0408154413444888,0.0214195451144228,"TP53/EGFR",2
"BP","GO:0042310","vasoconstriction","2/29","88/18986",0.0227272727272727,14.8793103448276,5.10411904709902,0.00795013814014391,0.0408154413444888,0.0214195451144228,"EGFR/PTGS2",2
"BP","GO:1905897","regulation of response to endoplasmic reticulum stress","2/29","88/18986",0.0227272727272727,14.8793103448276,5.10411904709902,0.00795013814014391,0.0408154413444888,0.0214195451144228,"PTPN1/ALOX5",2
"BP","GO:0032386","regulation of intracellular transport","3/29","272/18986",0.0110294117647059,7.22084178498986,4.04175319353899,0.00806926579926961,0.0411819038572192,0.0216118610631326,"PTGS2/MAPK1/PTPN1",3
"BP","GO:0050708","regulation of protein secretion","3/29","272/18986",0.0110294117647059,7.22084178498986,4.04175319353899,0.00806926579926961,0.0411819038572192,0.0216118610631326,"EGFR/HIF1A/ALOX5",3
"BP","GO:0048145","regulation of fibroblast proliferation","2/29","90/18986",0.0222222222222222,14.5486590038314,5.03909007683432,0.00830208315041775,0.0420614760218439,0.0220734519473902,"TP53/EGFR",2
"BP","GO:1904029","regulation of cyclin-dependent protein kinase activity","2/29","90/18986",0.0222222222222222,14.5486590038314,5.03909007683432,0.00830208315041775,0.0420614760218439,0.0220734519473902,"EGFR/CDC25A",2
"BP","GO:0051259","protein complex oligomerization","3/29","275/18986",0.0109090909090909,7.14206896551724,4.01284172648385,0.00831476134692682,0.0420614760218439,0.0220734519473902,"TP53/MAPT/TRPA1",3
"BP","GO:0032868","response to insulin","3/29","276/18986",0.0108695652173913,7.11619190404798,4.00330100398252,0.00839756797427727,0.0422817597693745,0.0221890547073453,"MAPK1/PKM/PTPN1",3
"BP","GO:0034644","cellular response to UV","2/29","91/18986",0.021978021978022,14.3887836301629,5.0073490478338,0.00848065550345269,0.0422817597693745,0.0221890547073453,"TP53/CDC25A",2
"BP","GO:0071103","DNA conformation change","2/29","91/18986",0.021978021978022,14.3887836301629,5.0073490478338,0.00848065550345269,0.0422817597693745,0.0221890547073453,"TOP1/RECQL",2
"BP","GO:0071230","cellular response to amino acid stimulus","2/29","91/18986",0.021978021978022,14.3887836301629,5.0073490478338,0.00848065550345269,0.0422817597693745,0.0221890547073453,"EGFR/PTGS2",2
"BP","GO:0034976","response to endoplasmic reticulum stress","3/29","277/18986",0.0108303249097473,7.09050168056766,3.99380778360299,0.0084808631189586,0.0422817597693745,0.0221890547073453,"TP53/PTPN1/ALOX5",3
"BP","GO:0014033","neural crest cell differentiation","2/29","93/18986",0.021505376344086,14.0793474230627,4.94534486471395,0.00884297329147346,0.0434590567743354,0.0228068886809632,"MAPK1/HIF1A",2
"BP","GO:0014910","regulation of smooth muscle cell migration","2/29","93/18986",0.021505376344086,14.0793474230627,4.94534486471395,0.00884297329147346,0.0434590567743354,0.0228068886809632,"PTPN1/TERT",2
"BP","GO:0033273","response to vitamin","2/29","93/18986",0.021505376344086,14.0793474230627,4.94534486471395,0.00884297329147346,0.0434590567743354,0.0228068886809632,"EGFR/PTGS2",2
"BP","GO:0072384","organelle transport along microtubule","2/29","93/18986",0.021505376344086,14.0793474230627,4.94534486471395,0.00884297329147346,0.0434590567743354,0.0228068886809632,"HIF1A/MAPT",2
"BP","GO:2000106","regulation of leukocyte apoptotic process","2/29","93/18986",0.021505376344086,14.0793474230627,4.94534486471395,0.00884297329147346,0.0434590567743354,0.0228068886809632,"TP53/HIF1A",2
"BP","GO:0046889","positive regulation of lipid biosynthetic process","2/29","94/18986",0.0212765957446809,13.929567131328,4.91505563812037,0.00902670811464297,0.0441106841296293,0.0231488563548321,"PTGS2/MAPK1",2
"BP","GO:1900182","positive regulation of protein localization to nucleus","2/29","94/18986",0.0212765957446809,13.929567131328,4.91505563812037,0.00902670811464297,0.0441106841296293,0.0231488563548321,"PTGS2/TERT",2
"BP","GO:0090596","sensory organ morphogenesis","3/29","285/18986",0.0105263157894737,6.89147005444646,3.91952270077808,0.00916488980595924,0.0445125048036605,0.0233597279213718,"MAPK1/HIF1A/THRB",3
"BP","GO:0000423","mitophagy","2/29","95/18986",0.0210526315789474,13.7829401088929,4.8852250732169,0.00921215316806191,0.0445125048036605,0.0233597279213718,"TP53/HIF1A",2
"BP","GO:0007589","body fluid secretion","2/29","95/18986",0.0210526315789474,13.7829401088929,4.8852250732169,0.00921215316806191,0.0445125048036605,0.0233597279213718,"EGFR/HIF1A",2
"BP","GO:0010660","regulation of muscle cell apoptotic process","2/29","95/18986",0.0210526315789474,13.7829401088929,4.8852250732169,0.00921215316806191,0.0445125048036605,0.0233597279213718,"TP53/PTPN1",2
"BP","GO:0006096","glycolytic process","2/29","96/18986",0.0208333333333333,13.639367816092,4.85584130002796,0.00939930317382341,0.0451637826597364,0.0237015121814635,"HIF1A/PKM",2
"BP","GO:0072091","regulation of stem cell proliferation","2/29","96/18986",0.0208333333333333,13.639367816092,4.85584130002796,0.00939930317382341,0.0451637826597364,0.0237015121814635,"TP53/TERT",2
"BP","GO:0003073","regulation of systemic arterial blood pressure","2/29","98/18986",0.0204081632653061,13.3610133708656,4.79836876802734,0.00977869698654939,0.0467264606697997,0.0245215903438766,"AR/PTPN1",2
"BP","GO:0046032","ADP catabolic process","2/29","98/18986",0.0204081632653061,13.3610133708656,4.79836876802734,0.00977869698654939,0.0467264606697997,0.0245215903438766,"HIF1A/PKM",2
"BP","GO:0051262","protein tetramerization","2/29","99/18986",0.0202020202020202,13.2260536398467,4.77025833054297,0.0099709302934431,0.0473825199895023,0.0248658838693956,"TP53/TRPA1",2
"BP","GO:0098869","cellular oxidant detoxification","2/29","99/18986",0.0202020202020202,13.2260536398467,4.77025833054297,0.0099709302934431,0.0473825199895023,0.0248658838693956,"PTGS2/PTGS1",2
"BP","GO:0051054","positive regulation of DNA metabolic process","3/29","295/18986",0.0101694915254237,6.65786090005844,3.83059731488216,0.0100644450139485,0.0476955155193989,0.0250301408675412,"EGFR/MAPK1/CDC25A",3
"BP","GO:0014909","smooth muscle cell migration","2/29","100/18986",0.02,13.0937931034483,4.74255129133507,0.010164847552498,0.0477775532099703,0.0250731934465748,"PTPN1/TERT",2
"BP","GO:0019364","pyridine nucleotide catabolic process","2/29","100/18986",0.02,13.0937931034483,4.74255129133507,0.010164847552498,0.0477775532099703,0.0250731934465748,"HIF1A/PKM",2
"BP","GO:0071229","cellular response to acid chemical","2/29","100/18986",0.02,13.0937931034483,4.74255129133507,0.010164847552498,0.0477775532099703,0.0250731934465748,"EGFR/PTGS2",2
"BP","GO:0051962","positive regulation of nervous system development","3/29","297/18986",0.0101010101010101,6.61302681992337,3.81330729833327,0.0102503401133931,0.0480484692815304,0.0252153675558298,"EGFR/HIF1A/MAPT",3
"BP","GO:0009137","purine nucleoside diphosphate catabolic process","2/29","101/18986",0.0198019801980198,12.9641515875725,4.7152377332916,0.0103604435414309,0.0481718736090791,0.0252801289420644,"HIF1A/PKM",2
"BP","GO:0009181","purine ribonucleoside diphosphate catabolic process","2/29","101/18986",0.0198019801980198,12.9641515875725,4.7152377332916,0.0103604435414309,0.0481718736090791,0.0252801289420644,"HIF1A/PKM",2
"BP","GO:0010657","muscle cell apoptotic process","2/29","101/18986",0.0198019801980198,12.9641515875725,4.7152377332916,0.0103604435414309,0.0481718736090791,0.0252801289420644,"TP53/PTPN1",2
"BP","GO:0048511","rhythmic process","3/29","299/18986",0.0100334448160535,6.56879252681352,3.79617595433031,0.0104382404675386,0.0484031312002796,0.0254014906680338,"TP53/EGFR/TOP1",3
"BP","GO:0048534","hematopoietic or lymphoid organ development","2/29","102/18986",0.0196078431372549,12.8370520622042,4.68830807905096,0.0105577130490237,0.0488258847441444,0.0256233476002833,"TP53/MAPK1",2
"BP","GO:0070167","regulation of biomineral tissue development","2/29","103/18986",0.0194174757281553,12.7124204887847,4.66175307615584,0.0107566508751036,0.0493489967009409,0.0258978716477859,"HIF1A/ALOX5",2
"BP","GO:0072526","pyridine-containing compound catabolic process","2/29","103/18986",0.0194174757281553,12.7124204887847,4.66175307615584,0.0107566508751036,0.0493489967009409,0.0258978716477859,"HIF1A/PKM",2
"BP","GO:2000177","regulation of neural precursor cell proliferation","2/29","103/18986",0.0194174757281553,12.7124204887847,4.66175307615584,0.0107566508751036,0.0493489967009409,0.0258978716477859,"TP53/HIF1A",2
"BP","GO:0051347","positive regulation of transferase activity","3/29","304/18986",0.00986842105263158,6.46075317604356,3.75402490600123,0.0109167926650866,0.0498713968539665,0.0261720221476193,"EGFR/PTPN1/MAPT",3
"BP","GO:0009191","ribonucleoside diphosphate catabolic process","2/29","104/18986",0.0192307692307692,12.5901856763926,4.63556378299299,0.0109572518305237,0.0498713968539665,0.0261720221476193,"HIF1A/PKM",2
"BP","GO:0046031","ADP metabolic process","2/29","104/18986",0.0192307692307692,12.5901856763926,4.63556378299299,0.0109572518305237,0.0498713968539665,0.0261720221476193,"HIF1A/PKM",2
"CC","GO:0034399","nuclear periphery","4/29","155/19960",0.0258064516129032,17.761957730812,7.99110818610823,7.14176506200652e-05,0.00971280048432886,0.00691623563899579,"TP53/MAPT/LMNA/ALOX5",4
"CC","GO:0016607","nuclear speck","5/29","416/19960",0.0120192307692308,8.27254641909814,5.7178174235777,0.000301709354085756,0.0193168579269158,0.013755038152293,"HIF1A/AR/TERT/MAPT/LMNA",5
"CC","GO:1904813","ficolin-1-rich granule lumen","3/29","124/19960",0.0241935483870968,16.6518353726363,6.66888007299377,0.000759885030194141,0.0193168579269158,0.013755038152293,"MAPK1/PKM/ALOX5",3
"CC","GO:0045121","membrane raft","4/29","293/19960",0.0136518771331058,9.39625750264799,5.52273677215009,0.000808886250640982,0.0193168579269158,0.013755038152293,"EGFR/PTGS2/MAPK1/MAPT",4
"CC","GO:0098857","membrane microdomain","4/29","295/19960",0.0135593220338983,9.33255406195207,5.49978884902766,0.000829650977574062,0.0193168579269158,0.013755038152293,"EGFR/PTGS2/MAPK1/MAPT",4
"CC","GO:0016363","nuclear matrix","3/29","129/19960",0.0232558139534884,16.0064153969527,6.52233881747453,0.000852214320305109,0.0193168579269158,0.013755038152293,"TP53/LMNA/ALOX5",3
"CC","GO:0031965","nuclear membrane","4/29","312/19960",0.0128205128205128,8.82404951370469,5.31316809285907,0.00102167514203572,0.0198496884738369,0.014134453092825,"EGFR/PTGS2/LMNA/ALOX5",4
"CC","GO:0031983","vesicle lumen","4/29","330/19960",0.0121212121212121,8.34273772204807,5.13048803789916,0.0012571197336925,0.0206740066954224,0.014721428916245,"EGFR/MAPK1/PKM/ALOX5",4
"CC","GO:0043204","perikaryon","3/29","152/19960",0.0197368421052632,13.5843920145191,5.9406991899303,0.0013681327960206,0.0206740066954224,0.014721428916245,"TOP1/SMN1/CACNA1C",3
"CC","GO:0101002","ficolin-1-rich granule","3/29","185/19960",0.0162162162162162,11.161230195713,5.29636310662597,0.002397228655918,0.0326023097204848,0.023215266983627,"MAPK1/PKM/ALOX5",3
"CC","GO:1904115","axon cytoplasm","2/29","64/19960",0.03125,21.5086206896552,6.26826570024628,0.0038860467275637,0.0480456686316967,0.0342120860225704,"HIF1A/MAPT",2
"CC","GO:0043073","germ cell nucleus","2/29","68/19960",0.0294117647058824,20.2434077079107,6.06318829756303,0.00437533556084577,0.0495871363562521,0.0353097255787554,"TP53/TOP1",2
"MF","GO:0020037","heme binding","7/29","143/18737",0.048951048951049,31.6274415239932,14.4749169943882,1.76462260716207e-09,2.5337992143464e-07,1.19202550513209e-07,"PTGS2/CYP2C9/CYP3A4/CYP1A2/CYP2A6/PTGS1/CYP2D6",7
"MF","GO:0046906","tetrapyrrole binding","7/29","153/18737",0.0457516339869281,29.5602884832094,13.9656921356244,2.83106057468871e-09,2.5337992143464e-07,1.19202550513209e-07,"PTGS2/CYP2C9/CYP3A4/CYP1A2/CYP2A6/PTGS1/CYP2D6",7
"MF","GO:0016712","oxidoreductase activity, acting on paired donors, with incorporation or reduction of molecular oxygen, reduced flavin or flavoprotein as one donor, and incorporation of one atom of oxygen","5/29","44/18737",0.113636363636364,73.4208463949843,18.9353871313091,6.43130090647509e-09,3.8373428741968e-07,1.8052774474316e-07,"CYP2C9/CYP3A4/CYP1A2/CYP2A6/CYP2D6",5
"MF","GO:0016705","oxidoreductase activity, acting on paired donors, with incorporation or reduction of molecular oxygen","7/29","180/18737",0.0388888888888889,25.126245210728,12.8054800358722,8.77167218450986e-09,3.92532330256816e-07,1.84666782831787e-07,"PTGS2/CYP2C9/CYP3A4/CYP1A2/CYP2A6/PTGS1/CYP2D6",7
"MF","GO:0005506","iron ion binding","6/29","153/18737",0.0392156862745098,25.3373901284652,11.9007375614763,1.09285405984138e-07,3.91241753423213e-06,1.8405963113118e-06,"CYP2C9/CYP3A4/CYP1A2/CYP2A6/CYP2D6/ALOX5",6
"MF","GO:0016725","oxidoreductase activity, acting on CH or CH2 groups","3/29","11/18737",0.272727272727273,176.210031347962,22.8852972425801,5.45450251144422e-07,1.43618846305358e-05,6.7565467241568e-06,"CYP2C9/CYP3A4/CYP1A2",3
"MF","GO:0004497","monooxygenase activity","5/29","106/18737",0.0471698113207547,30.4765777488614,11.9821752468904,5.61637946445534e-07,1.43618846305358e-05,6.7565467241568e-06,"CYP2C9/CYP3A4/CYP1A2/CYP2A6/CYP2D6",5
"MF","GO:0001223","transcription coactivator binding","4/29","45/18737",0.0888888888888889,57.4314176245211,14.9218643731281,6.59755856659895e-07,1.47620372927652e-05,6.94479849115679e-06,"HIF1A/AR/TERT/THRB",4
"MF","GO:0003697","single-stranded DNA binding","5/29","120/18737",0.0416666666666667,26.9209770114943,11.2153000685212,1.04049304236615e-06,2.06942505092823e-05,9.73560741395229e-06,"TP53/MAPT/TOP1/RECQL/TDP1",5
"MF","GO:0016702","oxidoreductase activity, acting on single donors with incorporation of molecular oxygen, incorporation of two atoms of oxygen","3/29","24/18737",0.125,80.7629310344828,15.3942584592093,6.600915815187e-06,0.000116512538371272,5.4813308260522e-05,"PTGS2/PTGS1/ALOX5",3
"MF","GO:0016701","oxidoreductase activity, acting on single donors with incorporation of molecular oxygen","3/29","25/18737",0.12,77.5324137931034,15.0757548992933,7.49323738867884e-06,0.000116512538371272,5.4813308260522e-05,"PTGS2/PTGS1/ALOX5",3
"MF","GO:0008395","steroid hydroxylase activity","3/29","26/18737",0.115384615384615,74.5503978779841,14.7756623525243,8.46180446271809e-06,0.000116512538371272,5.4813308260522e-05,"CYP2C9/CYP3A4/CYP1A2",3
"MF","GO:0070330","aromatase activity","3/29","26/18737",0.115384615384615,74.5503978779841,14.7756623525243,8.46180446271809e-06,0.000116512538371272,5.4813308260522e-05,"CYP2C9/CYP3A4/CYP1A2",3
"MF","GO:0019902","phosphatase binding","5/29","191/18737",0.0261780104712042,16.9137028344467,8.7033521704548,1.01676847868173e-05,0.00013000111263145,6.11590062364952e-05,"TP53/EGFR/MAPK1/PTPN1/MAPT",5
"MF","GO:0042562","hormone binding","4/29","93/18737",0.043010752688172,27.7893956247683,10.1966755417913,1.22825324307744e-05,0.000146571553673908,6.89545680324176e-05,"EGFR/ALDH1A1/AR/THRB",4
"MF","GO:0051721","protein phosphatase 2A binding","3/29","30/18737",0.1,64.6103448275862,13.7280882169767,1.31585405372782e-05,0.0001472111722608,6.92554765119904e-05,"TP53/PTPN1/MAPT",3
"MF","GO:0001221","transcription coregulator binding","4/29","117/18737",0.0341880341880342,22.089006778662,9.00913253925583,3.03981254167733e-05,0.000320074379388378,0.000150578949432933,"HIF1A/AR/TERT/THRB",4
"MF","GO:0051087","protein-folding chaperone binding","4/29","134/18737",0.0298507462686567,19.2866700977869,8.36410147985766,5.17030745620538e-05,0.000514158352589312,0.000241885728945281,"TP53/TERT/CDC25A/MAPT",4
"MF","GO:0019903","protein phosphatase binding","4/29","144/18737",0.0277777777777778,17.9473180076628,8.03768991224336,6.84356291164104e-05,0.000644735663780919,0.000303315807718163,"TP53/EGFR/PTPN1/MAPT",4
"MF","GO:0140666","annealing activity","2/29","11/18737",0.181818181818182,117.473354231975,15.2133260403647,0.000126120556334799,0.00112877897919645,0.000531033921409681,"TP53/RECQL",2
"MF","GO:0008392","arachidonate epoxygenase activity","2/29","16/18737",0.125,80.7629310344828,12.5666734937985,0.000273853941624574,0.00233427883575232,0.00109816116942185,"CYP2C9/CYP2A6",2
"MF","GO:0008391","arachidonate monooxygenase activity","2/29","18/18737",0.111111111111111,71.7892720306513,11.8300378415572,0.000348493948937354,0.00283547349362665,0.00133394812990375,"CYP2C9/CYP2A6",2
"MF","GO:0051213","dioxygenase activity","3/29","93/18737",0.032258064516129,20.8420467185762,7.55235076252813,0.000393907441591386,0.00306562748021122,0.00144222404243986,"PTGS2/PTGS1/ALOX5",3
"MF","GO:0004725","protein tyrosine phosphatase activity","3/29","98/18737",0.0306122448979592,19.7786769880366,7.33821585706781,0.000459298953305108,0.00342560469340059,0.00161157527475476,"PTPN1/CDC25A/CDC25B",3
"MF","GO:0140097","catalytic activity, acting on DNA","4/29","249/18737",0.0160642570281124,10.3791718598532,5.86601215112352,0.000556755044965282,0.00398636612195142,0.0018753854146199,"TERT/TOP1/RECQL/TDP1",4
"MF","GO:0001091","RNA polymerase II general transcription initiation factor binding","2/29","24/18737",0.0833333333333333,53.8419540229885,10.1985055861082,0.000625045864139363,0.00430320037234408,0.00202444004579551,"TP53/AR",2
"MF","GO:0016709","oxidoreductase activity, acting on paired donors, with incorporation or reduction of molecular oxygen, NAD(P)H as one donor, and incorporation of one atom of oxygen","2/29","35/18737",0.0571428571428571,36.920197044335,8.3743761367243,0.00133333033369352,0.00883948628633853,0.00415853515381995,"CYP3A4/CYP2D6",2
"MF","GO:0051879","Hsp90 protein binding","2/29","42/18737",0.0476190476190476,30.7668308702791,7.60358258878877,0.00191650636294857,0.0122519513917069,0.00576392891112352,"HIF1A/MAPT",2
"MF","GO:0042578","phosphoric ester hydrolase activity","4/29","363/18737",0.0110192837465565,7.1195972261803,4.63551566237859,0.00224368511765892,0.0138489529676189,0.00651523809120558,"PTPN1/CDC25A/CDC25B/TDP1",4
"MF","GO:0140693","molecular condensate scaffold activity","2/29","47/18737",0.0425531914893617,27.4937637564197,7.1599781154797,0.00239470837758674,0.0142884266529342,0.00672198842831364,"TP53/AR",2
"MF","GO:0004721","phosphoprotein phosphatase activity","3/29","178/18737",0.0168539325842697,10.8893839597055,5.21946165489398,0.00256855535931293,0.0148313357844198,0.00697739995738656,"PTPN1/CDC25A/CDC25B",3
"MF","GO:0140296","general transcription initiation factor binding","2/29","53/18737",0.0377358490566038,24.3812621990891,6.7111155250805,0.00303515643025645,0.016977906281747,0.00798725376383277,"TP53/AR",2
"MF","GO:0004601","peroxidase activity","2/29","57/18737",0.0350877192982456,22.670296430732,6.45115684980127,0.00350188637910476,0.0182416955522315,0.00858180325891516,"PTGS2/PTGS1",2
"MF","GO:0004879","nuclear receptor activity","2/29","59/18737",0.0338983050847458,21.9018118059614,6.33094456308847,0.00374703743003,0.0182416955522315,0.00858180325891516,"AR/THRB",2
"MF","GO:0016684","oxidoreductase activity, acting on peroxide as acceptor","2/29","59/18737",0.0338983050847458,21.9018118059614,6.33094456308847,0.00374703743003,0.0182416955522315,0.00858180325891516,"PTGS2/PTGS1",2
"MF","GO:0001098","basal transcription machinery binding","2/29","60/18737",0.0333333333333333,21.5367816091954,6.27304218050439,0.00387253872058547,0.0182416955522315,0.00858180325891516,"TP53/AR",2
"MF","GO:0001099","basal RNA polymerase II transcription machinery binding","2/29","60/18737",0.0333333333333333,21.5367816091954,6.27304218050439,0.00387253872058547,0.0182416955522315,0.00858180325891516,"TP53/AR",2
"MF","GO:0098531","ligand-activated transcription factor activity","2/29","60/18737",0.0333333333333333,21.5367816091954,6.27304218050439,0.00387253872058547,0.0182416955522315,0.00858180325891516,"AR/THRB",2
"MF","GO:0004674","protein serine/threonine kinase activity","4/29","429/18737",0.00932400932400932,6.02427457599871,4.14481658373596,0.00408976498780871,0.0187709726363528,0.00883080159310923,"EGFR/MAPK1/PKM/TOP1",4
"MF","GO:0002039","p53 binding","2/29","69/18737",0.0289855072463768,18.727636181909,5.80831600941735,0.0050887649519415,0.0227722231599382,0.0107131893725084,"TP53/HIF1A",2
"MF","GO:0030971","receptor tyrosine kinase binding","2/29","82/18737",0.024390243902439,15.7586206896552,5.27325566412571,0.00711473479558801,0.0310618909368355,0.0146130624813104,"TP53/PTPN1",2
"MF","GO:0051117","ATPase binding","2/29","84/18737",0.0238095238095238,15.3834154351396,5.20176920709107,0.00745397301777454,0.0317681230995629,0.0149453093088211,"EGFR/AR",2
"MF","GO:0016209","antioxidant activity","2/29","86/18737",0.0232558139534884,15.0256615878107,5.13269287049558,0.00780043006581935,0.0324715577158526,0.0152762400309804,"PTGS2/PTGS1",2
"MF","GO:0016791","phosphatase activity","3/29","273/18737",0.010989010989011,7.10003789314134,3.99737339659091,0.00844893123125426,0.0343717884180571,0.0161702033134053,"PTPN1/CDC25A/CDC25B",3
"MF","GO:0031625","ubiquitin protein ligase binding","3/29","301/18737",0.00996677740863787,6.43956925191889,3.74574462898223,0.011013013522847,0.0438073204575468,0.02060914811293,"TP53/EGFR/HIF1A",3
"MF","GO:0005496","steroid binding","2/29","108/18737",0.0185185185185185,11.9648786717752,4.49929733213505,0.0120752471827972,0.0469884618634936,0.022105715666448,"CYP3A4/AR",2
"MF","GO:0044389","ubiquitin-like protein ligase binding","3/29","321/18737",0.00934579439252336,6.03834998388656,3.58481668518706,0.0130928329595693,0.0498641936119765,0.0234586032870222,"TP53/EGFR/HIF1A",3
